-- phpMyAdmin SQL Dump
-- version 5.2.0
-- https://www.phpmyadmin.net/
--
-- Host: 127.0.0.1
-- Erstellungszeit: 23. Mrz 2023 um 01:06
-- Server-Version: 10.4.27-MariaDB
-- PHP-Version: 8.0.25

SET SQL_MODE = "NO_AUTO_VALUE_ON_ZERO";
START TRANSACTION;
SET time_zone = "+00:00";


/*!40101 SET @OLD_CHARACTER_SET_CLIENT=@@CHARACTER_SET_CLIENT */;
/*!40101 SET @OLD_CHARACTER_SET_RESULTS=@@CHARACTER_SET_RESULTS */;
/*!40101 SET @OLD_COLLATION_CONNECTION=@@COLLATION_CONNECTION */;
/*!40101 SET NAMES utf8mb4 */;

--
-- Datenbank: `dw_gas`
--

-- --------------------------------------------------------

--
-- Tabellenstruktur für Tabelle `address_dim`
--

CREATE TABLE `address_dim` (
  `address_id` int(11) NOT NULL,
  `street` varchar(60) NOT NULL,
  `zip` int(5) NOT NULL
) ENGINE=InnoDB DEFAULT CHARSET=utf8mb4 COLLATE=utf8mb4_general_ci;

--
-- Daten für Tabelle `address_dim`
--

INSERT INTO `address_dim` (`address_id`, `street`, `zip`) VALUES
(10, 'Amtshäuser Str. 31', 6217),
(29, 'An der Autobahn 1', 6231),
(5, 'An der B 80', 6313),
(27, 'An der B80 2', 6313),
(23, 'Auenweg 2', 6526),
(8, 'Auf der Spitze', 6308),
(25, 'Bahnhofstr. 15', 6231),
(7, 'Bahnhofstr. 20', 6343),
(18, 'Claude-Breda-Str.', 6406),
(13, 'Eislebener Str. 38', 6268),
(24, 'Erfurter Straße 35', 6526),
(11, 'Friedrich-Ebert-Straße 16', 6237),
(28, 'Gasanstalt 4', 6311),
(19, 'GUESTENER STR. 18', 6449),
(21, 'Halberstaedter Str. 87', 6484),
(20, 'Harzweg 19', 6484),
(6, 'KAEMMITZER WEG 11', 6333),
(12, 'Leipziger Straße 11', 6217),
(26, 'Leipziger Straße 63', 6231),
(15, 'Mansfelder Straße 72', 6333),
(3, 'Merseburger Str. 67', 6268),
(2, 'Merseburger Straße', 6242),
(1, 'Merseburger Straße 51', 6217),
(16, 'Merziener Str. 20', 6366),
(22, 'Neinstedter Str. 12', 6502),
(4, 'Obhäuser Weg 9', 6268),
(17, 'Platz der Jugend 21', 6406),
(9, 'Thomas Muentzer Str. 74', 6217),
(14, 'Thomas-Müntzer-Strasse 2', 6217);

-- --------------------------------------------------------

--
-- Tabellenstruktur für Tabelle `city`
--

CREATE TABLE `city` (
  `zip` int(5) NOT NULL,
  `city` varchar(50) NOT NULL,
  `state` varchar(50) NOT NULL
) ENGINE=InnoDB DEFAULT CHARSET=utf8mb4 COLLATE=utf8mb4_general_ci;

--
-- Daten für Tabelle `city`
--

INSERT INTO `city` (`zip`, `city`, `state`) VALUES
(6217, 'Beuna', 'Sachsen-Anhalt'),
(6231, 'Bad Dürrenberg', 'Sachsen-Anhalt'),
(6237, 'Leuna', 'Sachsen-Anhalt'),
(6242, 'Braunsbedra', 'Sachsen-Anhalt'),
(6268, 'Querfurt', 'Sachsen-Anhalt'),
(6295, 'Eisleben', 'Sachsen-Anhalt'),
(6308, 'Klostermansfeld', 'Sachsen-Anhalt'),
(6311, 'Helbra', 'Sachsen-Anhalt'),
(6313, 'Wimmelburg', 'Sachsen-Anhalt'),
(6333, 'Hettstedt', 'Sachsen-Anhalt'),
(6343, 'Mansfeld', 'Sachsen-Anhalt'),
(6366, 'Köthen', 'Sachsen-Anhalt'),
(6406, 'Bernburg', 'Sachsen-Anhalt'),
(6449, 'Aschersleben', 'Sachsen-Anhalt'),
(6484, 'Quedlinburg', 'Sachsen-Anhalt'),
(6502, 'Thale', 'Sachsen-Anhalt'),
(6526, 'Sangerhausen', 'Sachsen-Anhalt'),
(6618, 'Naumburg', 'Sachsen-Anhalt'),
(6667, 'Weißenfels', 'Sachsen-Anhalt'),
(6712, 'Zeitz', 'Sachsen-Anhalt'),
(6766, 'Bitterfeld-Wolfen', 'Sachsen-Anhalt'),
(6780, 'Zörbig', 'Sachsen-Anhalt'),
(6792, 'Sandersdorf-Brehna', 'Sachsen-Anhalt'),
(6844, 'Dessau-Roßlau', 'Sachsen-Anhalt'),
(6869, 'Coswig', 'Sachsen-Anhalt'),
(6886, 'Wittenberg', 'Sachsen-Anhalt'),
(6917, 'Jessen', 'Sachsen-Anhalt'),
(7318, 'Saalfeld/Saale', 'Freistaat Thüringen'),
(7381, 'Pößneck', 'Freistaat Thüringen'),
(7407, 'Rudolstadt', 'Freistaat Thüringen'),
(7545, 'Gera', 'Freistaat Thüringen'),
(7607, 'Eisenberg', 'Freistaat Thüringen'),
(7743, 'Jena', 'Freistaat Thüringen'),
(7937, 'Zeulenroda-Triebes', 'Freistaat Thüringen'),
(7973, 'Greiz', 'Freistaat Thüringen'),
(8056, 'Zwickau', 'Freistaat Sachsen'),
(8112, 'Wilkau-Haßlau', 'Freistaat Sachsen'),
(8209, 'Auerbach', 'Freistaat Sachsen'),
(8280, 'Aue', 'Freistaat Sachsen'),
(8289, 'Schneeberg', 'Freistaat Sachsen'),
(8297, 'Zwönitz', 'Freistaat Sachsen'),
(8340, 'Schwarzenberg', 'Freistaat Sachsen'),
(8371, 'Glauchau', 'Freistaat Sachsen'),
(8393, 'Meerane', 'Freistaat Sachsen'),
(8412, 'Werdau', 'Freistaat Sachsen'),
(8451, 'Crimmitschau', 'Freistaat Sachsen'),
(8468, 'Reichenbach im Vogtland', 'Freistaat Sachsen'),
(8523, 'Plauen', 'Freistaat Sachsen'),
(8606, 'Oelsnitz', 'Freistaat Sachsen'),
(9111, 'Chemnitz', 'Freistaat Sachsen'),
(9212, 'Limbach-Oberfrohna', 'Freistaat Sachsen'),
(9217, 'Burgstädt', 'Freistaat Sachsen'),
(9322, 'Penig', 'Freistaat Sachsen'),
(9337, 'Hohenstein-Ernstthal', 'Freistaat Sachsen'),
(9350, 'Lichtenstein', 'Freistaat Sachsen'),
(9366, 'Stollberg', 'Freistaat Sachsen'),
(9376, 'Oelsnitz', 'Freistaat Sachsen'),
(9405, 'Zschopau', 'Freistaat Sachsen'),
(9456, 'Annaberg-Buchholz', 'Freistaat Sachsen'),
(9496, 'Marienberg', 'Freistaat Sachsen'),
(9526, 'Olbernhau', 'Freistaat Sachsen'),
(9557, 'Flöha', 'Freistaat Sachsen'),
(9599, 'Freiberg', 'Freistaat Sachsen'),
(9618, 'Brand-Erbisdorf', 'Freistaat Sachsen'),
(9648, 'Mittweida', 'Freistaat Sachsen'),
(9669, 'Frankenberg', 'Freistaat Sachsen'),
(10178, 'Berlin', ' Berlin'),
(14461, 'Potsdam', 'Brandenburg'),
(14513, 'Teltow', 'Brandenburg'),
(14542, 'Werder', 'Brandenburg'),
(14547, 'Beelitz', 'Brandenburg'),
(14612, 'Falkensee', 'Brandenburg'),
(14641, 'Nauen', 'Brandenburg'),
(14662, 'Friesack', 'Brandenburg'),
(14669, 'Ketzin', 'Brandenburg'),
(14712, 'Rathenow', 'Brandenburg'),
(14727, 'Premnitz', 'Brandenburg'),
(14728, 'Rhinow', 'Brandenburg'),
(14770, 'Brandenburg an der Havel', 'Brandenburg'),
(14793, 'Ziesar', 'Brandenburg'),
(14798, 'Havelsee', 'Brandenburg'),
(14806, 'Belzig', 'Brandenburg'),
(14822, 'Brück', 'Brandenburg'),
(14823, 'Niemegk', 'Brandenburg'),
(14913, 'Jüterbog', 'Brandenburg'),
(14929, 'Treuenbrietzen', 'Brandenburg'),
(14943, 'Luckenwalde', 'Brandenburg'),
(14959, 'Trebbin', 'Brandenburg'),
(14974, 'Ludwigsfelde', 'Brandenburg'),
(15230, 'Frankfurt', 'Brandenburg'),
(15299, 'Müllrose', 'Brandenburg'),
(15306, 'Seelow', 'Brandenburg'),
(15326, 'Lebus', 'Brandenburg'),
(15344, 'Strausberg', 'Brandenburg'),
(15345, 'Altlandsberg', 'Brandenburg'),
(15374, 'Müncheberg', 'Brandenburg'),
(15377, 'Buckow', 'Brandenburg'),
(15517, 'Fürstenwalde/Spree', 'Brandenburg'),
(15537, 'Erkner', 'Brandenburg'),
(15711, 'Königs Wusterhausen', 'Brandenburg'),
(15748, 'Märkisch Buchholz', 'Brandenburg'),
(15749, 'Mittenwalde', 'Brandenburg'),
(15755, 'Teupitz', 'Brandenburg'),
(15806, 'Zossen', 'Brandenburg'),
(15837, 'Baruth/Mark', 'Brandenburg'),
(15848, 'Beeskow', 'Brandenburg'),
(15859, 'Storkow', 'Brandenburg'),
(15868, 'Lieberose', 'Brandenburg'),
(15890, 'Eisenhüttenstadt', 'Brandenburg'),
(15907, 'Lübben', 'Brandenburg'),
(15926, 'Luckau', 'Brandenburg'),
(15936, 'Dahme/Mark', 'Brandenburg'),
(15938, 'Golßen', 'Brandenburg'),
(16225, 'Eberswalde', 'Brandenburg'),
(16247, 'Joachimsthal', 'Brandenburg'),
(16248, 'Oderberg', 'Brandenburg'),
(16259, 'Bad Freienwalde', 'Brandenburg'),
(16269, 'Wriezen', 'Brandenburg'),
(16278, 'Angermünde', 'Brandenburg'),
(16303, 'Schwedt/Oder', 'Brandenburg'),
(16307, 'Gartz', 'Brandenburg'),
(16321, 'Bernau bei Berlin', 'Brandenburg'),
(16356, 'Werneuchen', 'Brandenburg'),
(16359, 'Biesenthal', 'Brandenburg'),
(16515, 'Oranienburg', 'Brandenburg'),
(16540, 'Hohen Neuendorf', 'Brandenburg'),
(16559, 'Liebenwalde', 'Brandenburg'),
(16727, 'Velten', 'Brandenburg'),
(16761, 'Hennigsdorf', 'Brandenburg'),
(16766, 'Kremmen', 'Brandenburg'),
(16775, 'Gransee', 'Brandenburg'),
(16792, 'Zehdenick', 'Brandenburg'),
(16798, 'Fürstenberg', 'Brandenburg'),
(16816, 'Neuruppin', 'Brandenburg'),
(16831, 'Rheinsberg', 'Brandenburg'),
(16835, 'Lindow', 'Brandenburg'),
(16845, 'Neustadt', 'Brandenburg'),
(16866, 'Kyritz', 'Brandenburg'),
(16909, 'Wittstock', 'Brandenburg'),
(16928, 'Pritzwalk', 'Brandenburg'),
(16945, 'Meyenburg', 'Brandenburg'),
(16949, 'Putlitz', 'Brandenburg'),
(17033, 'Neubrandenburg', 'Mecklenburg-Vorpommern'),
(17087, 'Altentreptow', 'Mecklenburg-Vorpommern'),
(17094, 'Burg Stargard', 'Mecklenburg-Vorpommern'),
(17098, 'Friedland', 'Mecklenburg-Vorpommern'),
(17109, 'Demmin', 'Mecklenburg-Vorpommern'),
(17121, 'Loitz', 'Mecklenburg-Vorpommern'),
(17126, 'Jarmen', 'Mecklenburg-Vorpommern'),
(17139, 'Malchin', 'Mecklenburg-Vorpommern'),
(17154, 'Neukalen', 'Mecklenburg-Vorpommern'),
(17159, 'Dargun', 'Mecklenburg-Vorpommern'),
(17166, 'Teterow', 'Mecklenburg-Vorpommern'),
(17179, 'Gnoien', 'Mecklenburg-Vorpommern'),
(17192, 'Waren', 'Mecklenburg-Vorpommern'),
(17207, 'Röbel/Müritz', 'Mecklenburg-Vorpommern'),
(17213, 'Malchow', 'Mecklenburg-Vorpommern'),
(17217, 'Penzlin', 'Mecklenburg-Vorpommern'),
(17235, 'Neustrelitz', 'Mecklenburg-Vorpommern'),
(17252, 'Mirow', 'Mecklenburg-Vorpommern'),
(17255, 'Wesenberg', 'Mecklenburg-Vorpommern'),
(17268, 'Templin', 'Brandenburg'),
(17279, 'Lychen', 'Brandenburg'),
(17291, 'Prenzlau', 'Brandenburg'),
(17309, 'Pasewalk', 'Mecklenburg-Vorpommern'),
(17326, 'Brüssow', 'Brandenburg'),
(17328, 'Penkun', 'Mecklenburg-Vorpommern'),
(17335, 'Strasburg', 'Mecklenburg-Vorpommern'),
(17348, 'Woldegk', 'Mecklenburg-Vorpommern'),
(17358, 'Torgelow', 'Mecklenburg-Vorpommern'),
(17367, 'Eggesin', 'Mecklenburg-Vorpommern'),
(17373, 'Ueckermünde', 'Mecklenburg-Vorpommern'),
(17389, 'Anklam', 'Mecklenburg-Vorpommern'),
(17406, 'Usedom', 'Mecklenburg-Vorpommern'),
(17438, 'Wolgast', 'Mecklenburg-Vorpommern'),
(17440, 'Lassan', 'Mecklenburg-Vorpommern'),
(17489, 'Greifswald', 'Mecklenburg-Vorpommern'),
(17506, 'Gützkow', 'Mecklenburg-Vorpommern'),
(18055, 'Rostock', 'Mecklenburg-Vorpommern'),
(18195, 'Tessin', 'Mecklenburg-Vorpommern'),
(18209, 'Bad Doberan', 'Mecklenburg-Vorpommern'),
(18225, 'Kühlungsborn', 'Mecklenburg-Vorpommern'),
(18230, 'Rerik', 'Mecklenburg-Vorpommern'),
(18231, 'Neubukow', 'Mecklenburg-Vorpommern'),
(18236, 'Kröpelin', 'Mecklenburg-Vorpommern'),
(18246, 'Bützow', 'Mecklenburg-Vorpommern'),
(18258, 'Schwaan', 'Mecklenburg-Vorpommern'),
(18273, 'Güstrow', 'Mecklenburg-Vorpommern'),
(18292, 'Krakow am See', 'Mecklenburg-Vorpommern'),
(18299, 'Laage', 'Mecklenburg-Vorpommern'),
(18311, 'Ribnitz-Damgarten', 'Mecklenburg-Vorpommern'),
(18334, 'Bad Sülze', 'Mecklenburg-Vorpommern'),
(18337, 'Marlow', 'Mecklenburg-Vorpommern'),
(18356, 'Barth', 'Mecklenburg-Vorpommern'),
(18439, 'Stralsund', 'Mecklenburg-Vorpommern'),
(18461, 'Franzburg', 'Mecklenburg-Vorpommern'),
(18465, 'Tribsees', 'Mecklenburg-Vorpommern'),
(18507, 'Grimmen', 'Mecklenburg-Vorpommern'),
(18528, 'Bergen auf Rügen', 'Mecklenburg-Vorpommern'),
(18546, 'Sassnitz', 'Mecklenburg-Vorpommern'),
(18574, 'Garz/Rügen', 'Mecklenburg-Vorpommern'),
(18581, 'Putbus', 'Mecklenburg-Vorpommern'),
(19053, 'Schwerin', 'Mecklenburg-Vorpommern'),
(19089, 'Crivitz', 'Mecklenburg-Vorpommern'),
(19205, 'Gadebusch', 'Mecklenburg-Vorpommern'),
(19217, 'Rehna', 'Mecklenburg-Vorpommern'),
(19230, 'Hagenow', 'Mecklenburg-Vorpommern'),
(19243, 'Wittenburg', 'Mecklenburg-Vorpommern'),
(19246, 'Zarrentin am Schaalsee', 'Mecklenburg-Vorpommern'),
(19249, 'Lübtheen', 'Mecklenburg-Vorpommern'),
(19258, 'Boizenburg/ Elbe', 'Mecklenburg-Vorpommern'),
(19288, 'Ludwigslust', 'Mecklenburg-Vorpommern'),
(19300, 'Grabow', 'Mecklenburg-Vorpommern'),
(19303, 'Dömitz', 'Mecklenburg-Vorpommern'),
(19306, 'Neustadt-Glewe', 'Mecklenburg-Vorpommern'),
(19309, 'Lenzen', 'Brandenburg'),
(19322, 'Wittenberge', 'Brandenburg'),
(19336, 'Bad Wilsnack', 'Brandenburg'),
(19348, 'Perleberg', 'Brandenburg'),
(19370, 'Parchim', 'Mecklenburg-Vorpommern'),
(19386, 'Lübz', 'Mecklenburg-Vorpommern'),
(19395, 'Plau am See', 'Mecklenburg-Vorpommern'),
(19399, 'Goldberg', 'Mecklenburg-Vorpommern'),
(19406, 'Sternberg', 'Mecklenburg-Vorpommern'),
(19412, 'Brüel', 'Mecklenburg-Vorpommern'),
(19417, 'Warin', 'Mecklenburg-Vorpommern'),
(20038, 'Hamburg', ' Hamburg'),
(21244, 'Buchholz in der Nordheide', 'Niedersachsen'),
(21335, 'Lüneburg', 'Niedersachsen'),
(21354, 'Bleckede', 'Niedersachsen'),
(21423, 'Winsen', 'Niedersachsen'),
(21465, 'Reinbek', 'Schleswig-Holstein'),
(21481, 'Lauenburg/ Elbe', 'Schleswig-Holstein'),
(21493, 'Schwarzenbek', 'Schleswig-Holstein'),
(21502, 'Geesthacht', 'Schleswig-Holstein'),
(21509, 'Glinde', 'Schleswig-Holstein'),
(21614, 'Buxtehude', 'Niedersachsen'),
(21682, 'Stade', 'Niedersachsen'),
(21745, 'Hemmoor', 'Niedersachsen'),
(21762, 'Otterndorf', 'Niedersachsen'),
(22846, 'Norderstedt', 'Schleswig-Holstein'),
(22869, 'Schenefeld', 'Schleswig-Holstein'),
(22880, 'Wedel', 'Schleswig-Holstein'),
(22926, 'Ahrensburg', 'Schleswig-Holstein'),
(22941, 'Bargteheide', 'Schleswig-Holstein'),
(23539, 'Lübeck', 'Schleswig-Holstein'),
(23611, 'Bad Schwartau', 'Schleswig-Holstein'),
(23701, 'Eutin', 'Schleswig-Holstein'),
(23730, 'Neustadt in Holstein', 'Schleswig-Holstein'),
(23758, 'Oldenburg in Holstein', 'Schleswig-Holstein'),
(23769, 'Fehmarn', 'Schleswig-Holstein'),
(23774, 'Heiligenhafen', 'Schleswig-Holstein'),
(23795, 'Bad Segeberg', 'Schleswig-Holstein'),
(23812, 'Wahlstedt', 'Schleswig-Holstein'),
(23843, 'Bad Oldesloe', 'Schleswig-Holstein'),
(23858, 'Reinfeld', 'Schleswig-Holstein'),
(23879, 'Mölln', 'Schleswig-Holstein'),
(23909, 'Ratzeburg', 'Schleswig-Holstein'),
(23923, 'Schönberg', 'Mecklenburg-Vorpommern'),
(23936, 'Grevesmühlen', 'Mecklenburg-Vorpommern'),
(23942, 'Dassow', 'Mecklenburg-Vorpommern'),
(23948, 'Klütz', 'Mecklenburg-Vorpommern'),
(23952, 'Wismar', 'Mecklenburg-Vorpommern'),
(23992, 'Neukloster', 'Mecklenburg-Vorpommern'),
(24103, 'Kiel', 'Schleswig-Holstein'),
(24211, 'Preetz', 'Schleswig-Holstein'),
(24223, 'Schwentinental', 'Schleswig-Holstein'),
(24306, 'Plön', 'Schleswig-Holstein'),
(24321, 'Lütjenburg', 'Schleswig-Holstein'),
(24340, 'Eckernförde', 'Schleswig-Holstein'),
(24376, 'Kappeln', 'Schleswig-Holstein'),
(24399, 'Arnis', 'Schleswig-Holstein'),
(24534, 'Neumünster', 'Schleswig-Holstein'),
(24568, 'Kaltenkirchen', 'Schleswig-Holstein'),
(24576, 'Bad Bramstedt', 'Schleswig-Holstein'),
(24589, 'Nortorf', 'Schleswig-Holstein'),
(24768, 'Rendsburg', 'Schleswig-Holstein'),
(24782, 'Büdelsdorf', 'Schleswig-Holstein'),
(24837, 'Schleswig', 'Schleswig-Holstein'),
(24937, 'Flensburg', 'Schleswig-Holstein'),
(24960, 'Glücksburg', 'Schleswig-Holstein'),
(25335, 'Elmshorn', 'Schleswig-Holstein'),
(25348, 'Glückstadt', 'Schleswig-Holstein'),
(25355, 'Barmstedt', 'Schleswig-Holstein'),
(25361, 'Krempe', 'Schleswig-Holstein'),
(25421, 'Pinneberg', 'Schleswig-Holstein'),
(25436, 'Uetersen', 'Schleswig-Holstein'),
(25437, 'Tornesch', 'Schleswig-Holstein'),
(25451, 'Quickborn', 'Schleswig-Holstein'),
(25524, 'Itzehoe', 'Schleswig-Holstein'),
(25541, 'Brunsbüttel', 'Schleswig-Holstein'),
(25548, 'Kellinghusen', 'Schleswig-Holstein'),
(25554, 'Wilster', 'Schleswig-Holstein'),
(25704, 'Meldorf', 'Schleswig-Holstein'),
(25709, 'Marne', 'Schleswig-Holstein'),
(25746, 'Heide', 'Schleswig-Holstein'),
(25764, 'Wesselburen', 'Schleswig-Holstein'),
(25813, 'Husum', 'Schleswig-Holstein'),
(25821, 'Bredstedt', 'Schleswig-Holstein'),
(25832, 'Tönning', 'Schleswig-Holstein'),
(25836, 'Garding', 'Schleswig-Holstein'),
(25840, 'Friedrichstadt', 'Schleswig-Holstein'),
(25899, 'Niebüll', 'Schleswig-Holstein'),
(25938, 'Wyk auf Föhr', 'Schleswig-Holstein'),
(26122, 'Oldenburg', 'Niedersachsen'),
(26169, 'Friesoythe', 'Niedersachsen'),
(26316, 'Varel', 'Niedersachsen'),
(26382, 'Wilhelmshaven', 'Niedersachsen'),
(26409, 'Wittmund', 'Niedersachsen'),
(26419, 'Schortens', 'Niedersachsen'),
(26427, 'Esens', 'Niedersachsen'),
(26441, 'Jever', 'Niedersachsen'),
(26506, 'Norden', 'Niedersachsen'),
(26548, 'Norderney', 'Niedersachsen'),
(26603, 'Aurich', 'Niedersachsen'),
(26639, 'Wiesmoor', 'Niedersachsen'),
(26655, 'Westerstede', 'Niedersachsen'),
(26721, 'Emden', 'Niedersachsen'),
(26757, 'Borkum', 'Niedersachsen'),
(26789, 'Leer', 'Niedersachsen'),
(26826, 'Weener', 'Niedersachsen'),
(26871, 'Papenburg', 'Niedersachsen'),
(26919, 'Brake', 'Niedersachsen'),
(26931, 'Elsfleth', 'Niedersachsen'),
(26954, 'Nordenham', 'Niedersachsen'),
(27211, 'Bassum', 'Niedersachsen'),
(27232, 'Sulingen', 'Niedersachsen'),
(27239, 'Twistringen', 'Niedersachsen'),
(27283, 'Verden', 'Niedersachsen'),
(27318, 'Hoya', 'Niedersachsen'),
(27336, 'Rethem', 'Niedersachsen'),
(27356, 'Rotenburg', 'Niedersachsen'),
(27374, 'Visselhövede', 'Niedersachsen'),
(27404, 'Zeven', 'Niedersachsen'),
(27432, 'Bremervörde', 'Niedersachsen'),
(27472, 'Cuxhaven', 'Niedersachsen'),
(27576, 'Bremerhaven', 'Freie Hansestadt Bremen'),
(27607, 'Langen', 'Niedersachsen'),
(27711, 'Osterholz-Scharmbeck', 'Niedersachsen'),
(27749, 'Delmenhorst', 'Niedersachsen'),
(27793, 'Wildeshausen', 'Niedersachsen'),
(28195, 'Bremen', 'Freie Hansestadt Bremen'),
(28832, 'Achim', 'Niedersachsen'),
(28857, 'Syke', 'Niedersachsen'),
(29221, 'Celle', 'Niedersachsen'),
(29303, 'Bergen', 'Niedersachsen'),
(29378, 'Wittingen', 'Niedersachsen'),
(29410, 'Salzwedel', 'Sachsen-Anhalt'),
(29439, 'Lüchow', 'Niedersachsen'),
(29451, 'Dannenberg', 'Niedersachsen'),
(29456, 'Hitzacker', 'Niedersachsen'),
(29462, 'Wustrow', 'Niedersachsen'),
(29493, 'Schnackenburg', 'Niedersachsen'),
(29525, 'Uelzen', 'Niedersachsen'),
(29549, 'Bad Bevensen', 'Niedersachsen'),
(29614, 'Soltau', 'Niedersachsen'),
(29633, 'Munster', 'Niedersachsen'),
(29640, 'Schneverdingen', 'Niedersachsen'),
(29664, 'Walsrode', 'Niedersachsen'),
(29683, 'Bad Fallingbostel', 'Niedersachsen'),
(30159, 'Hannover', 'Niedersachsen'),
(30827, 'Garbsen', 'Niedersachsen'),
(30853, 'Langenhagen', 'Niedersachsen'),
(30880, 'Laatzen', 'Niedersachsen'),
(30890, 'Barsinghausen', 'Niedersachsen'),
(30926, 'Seelze', 'Niedersachsen'),
(30938, 'Burgwedel', 'Niedersachsen'),
(30952, 'Ronnenberg', 'Niedersachsen'),
(30966, 'Hemmingen', 'Niedersachsen'),
(30982, 'Pattensen', 'Niedersachsen'),
(30989, 'Gehrden', 'Niedersachsen'),
(31008, 'Elze', 'Niedersachsen'),
(31028, 'Gronau', 'Niedersachsen'),
(31061, 'Alfeld', 'Niedersachsen'),
(31134, 'Hildesheim', 'Niedersachsen'),
(31157, 'Sarstedt', 'Niedersachsen'),
(31162, 'Bad Salzdetfurth', 'Niedersachsen'),
(31167, 'Bockenem', 'Niedersachsen'),
(31224, 'Peine', 'Niedersachsen'),
(31275, 'Lehrte', 'Niedersachsen'),
(31303, 'Burgdorf', 'Niedersachsen'),
(31319, 'Sehnde', 'Niedersachsen'),
(31515, 'Wunstorf', 'Niedersachsen'),
(31535, 'Neustadt am Rübenberge', 'Niedersachsen'),
(31542, 'Bad Nenndorf', 'Niedersachsen'),
(31547, 'Rehburg-Loccum', 'Niedersachsen'),
(31552, 'Rodenberg', 'Niedersachsen'),
(31553, 'Sachsenhagen', 'Niedersachsen'),
(31582, 'Nienburg', 'Niedersachsen'),
(31655, 'Stadthagen', 'Niedersachsen'),
(31675, 'Bückeburg', 'Niedersachsen'),
(31683, 'Obernkirchen', 'Niedersachsen'),
(31737, 'Rinteln', 'Niedersachsen'),
(31785, 'Hameln', 'Niedersachsen'),
(31812, 'Bad Pyrmont', 'Niedersachsen'),
(31832, 'Springe', 'Niedersachsen'),
(31840, 'Hessisch Oldendorf', 'Niedersachsen'),
(31848, 'Bad Münder am Deister', 'Niedersachsen'),
(32052, 'Herford', 'Nordrhein-Westfalen'),
(32105, 'Bad Salzuflen', 'Nordrhein-Westfalen'),
(32130, 'Enger', 'Nordrhein-Westfalen'),
(32139, 'Spenge', 'Nordrhein-Westfalen'),
(32257, 'Bünde', 'Nordrhein-Westfalen'),
(32312, 'Lübbecke', 'Nordrhein-Westfalen'),
(32339, 'Espelkamp', 'Nordrhein-Westfalen'),
(32361, 'Preußisch Oldendorf', 'Nordrhein-Westfalen'),
(32369, 'Rahden', 'Nordrhein-Westfalen'),
(32423, 'Minden', 'Nordrhein-Westfalen'),
(32457, 'Porta Westfalica', 'Nordrhein-Westfalen'),
(32469, 'Petershagen', 'Nordrhein-Westfalen'),
(32545, 'Bad Oeynhausen', 'Nordrhein-Westfalen'),
(32584, 'Löhne', 'Nordrhein-Westfalen'),
(32602, 'Vlotho', 'Nordrhein-Westfalen'),
(32657, 'Lemgo', 'Nordrhein-Westfalen'),
(32676, 'Lügde', 'Nordrhein-Westfalen'),
(32683, 'Barntrup', 'Nordrhein-Westfalen'),
(32756, 'Detmold', 'Nordrhein-Westfalen'),
(32791, 'Lage', 'Nordrhein-Westfalen'),
(32805, 'Horn-Bad Meinberg', 'Nordrhein-Westfalen'),
(32816, 'Schieder-Schwalenberg', 'Nordrhein-Westfalen'),
(32825, 'Blomberg', 'Nordrhein-Westfalen'),
(32839, 'Steinheim', 'Nordrhein-Westfalen'),
(33014, 'Bad Driburg', 'Nordrhein-Westfalen'),
(33034, 'Brakel', 'Nordrhein-Westfalen'),
(33039, 'Nieheim', 'Nordrhein-Westfalen'),
(33098, 'Paderborn', 'Nordrhein-Westfalen'),
(33129, 'Delbrück', 'Nordrhein-Westfalen'),
(33142, 'Büren', 'Nordrhein-Westfalen'),
(33154, 'Salzkotten', 'Nordrhein-Westfalen'),
(33165, 'Lichtenau', 'Nordrhein-Westfalen'),
(33175, 'Bad Lippspringe', 'Nordrhein-Westfalen'),
(33181, 'Bad Wünnenberg', 'Nordrhein-Westfalen'),
(33330, 'Gütersloh', 'Nordrhein-Westfalen'),
(33378, 'Rheda-Wiedenbrück', 'Nordrhein-Westfalen'),
(33397, 'Rietberg', 'Nordrhein-Westfalen'),
(33428, 'Harsewinkel', 'Nordrhein-Westfalen'),
(33602, 'Bielefeld', 'Nordrhein-Westfalen'),
(33758, 'Schloß Holte-Stukenbrock', 'Nordrhein-Westfalen'),
(33775, 'Versmold', 'Nordrhein-Westfalen'),
(33790, 'Halle', 'Nordrhein-Westfalen'),
(33813, 'Oerlinghausen', 'Nordrhein-Westfalen'),
(33824, 'Werther', 'Nordrhein-Westfalen'),
(33829, 'Borgholzhausen', 'Nordrhein-Westfalen'),
(34117, 'Kassel', 'Hessen'),
(34212, 'Melsungen', 'Hessen'),
(34225, 'Baunatal', 'Hessen'),
(34246, 'Vellmar', 'Hessen'),
(34281, 'Gudensberg', 'Hessen'),
(34286, 'Spangenberg', 'Hessen'),
(34289, 'Zierenberg', 'Hessen'),
(34305, 'Niedenstein', 'Hessen'),
(34311, 'Naumburg', 'Hessen'),
(34346, 'Hann. Münden', 'Niedersachsen'),
(34369, 'Hofgeismar', 'Hessen'),
(34376, 'Immenhausen', 'Hessen'),
(34385, 'Bad Karlshafen', 'Hessen'),
(34388, 'Trendelburg', 'Hessen'),
(34393, 'Grebenstein', 'Hessen'),
(34396, 'Liebenau', 'Hessen'),
(34414, 'Warburg', 'Nordrhein-Westfalen'),
(34431, 'Marsberg', 'Nordrhein-Westfalen'),
(34434, 'Borgentreich', 'Nordrhein-Westfalen'),
(34439, 'Willebadessen', 'Nordrhein-Westfalen'),
(34454, 'Bad Arolsen', 'Hessen'),
(34466, 'Wolfhagen', 'Hessen'),
(34471, 'Volkmarsen', 'Hessen'),
(34474, 'Diemelstadt', 'Hessen'),
(34497, 'Korbach', 'Hessen'),
(34513, 'Waldeck', 'Hessen'),
(34537, 'Bad Wildungen', 'Hessen'),
(34560, 'Fritzlar', 'Hessen'),
(34576, 'Homberg', 'Hessen'),
(34582, 'Borken', 'Hessen'),
(34587, 'Felsberg', 'Hessen'),
(34613, 'Schwalmstadt', 'Hessen'),
(34626, 'Neukirchen', 'Hessen'),
(34639, 'Schwarzenborn', 'Hessen'),
(35037, 'Marburg', 'Hessen'),
(35066, 'Frankenberg', 'Hessen'),
(35075, 'Gladenbach', 'Hessen'),
(35083, 'Wetter', 'Hessen'),
(35088, 'Battenberg', 'Hessen'),
(35104, 'Lichtenfels', 'Hessen'),
(35110, 'Frankenau', 'Hessen'),
(35116, 'Hatzfeld', 'Hessen'),
(35119, 'Rosenthal', 'Hessen'),
(35216, 'Biedenkopf', 'Hessen'),
(35260, 'Stadtallendorf', 'Hessen'),
(35274, 'Kirchhain', 'Hessen'),
(35279, 'Neustadt', 'Hessen'),
(35282, 'Rauschenberg', 'Hessen'),
(35285, 'Gemünden', 'Hessen'),
(35287, 'Amöneburg', 'Hessen'),
(35305, 'Grünberg', 'Hessen'),
(35315, 'Homberg', 'Hessen'),
(35321, 'Laubach', 'Hessen'),
(35327, 'Ulrichstein', 'Hessen'),
(35390, 'Gießen', 'Hessen'),
(35410, 'Hungen', 'Hessen'),
(35415, 'Pohlheim', 'Hessen'),
(35423, 'Lich', 'Hessen'),
(35440, 'Linden', 'Hessen'),
(35457, 'Lollar', 'Hessen'),
(35460, 'Staufenberg', 'Hessen'),
(35469, 'Allendorf', 'Hessen'),
(35510, 'Butzbach', 'Hessen'),
(35516, 'Münzenberg', 'Hessen'),
(35578, 'Wetzlar', 'Hessen'),
(35606, 'Solms', 'Hessen'),
(35614, 'Aßlar', 'Hessen'),
(35619, 'Braunfels', 'Hessen'),
(35638, 'Leun', 'Hessen'),
(35683, 'Dillenburg', 'Hessen'),
(35708, 'Haiger', 'Hessen'),
(35745, 'Herborn', 'Hessen'),
(35781, 'Weilburg', 'Hessen'),
(36037, 'Fulda', 'Hessen'),
(36088, 'Hünfeld', 'Hessen'),
(36110, 'Schlitz', 'Hessen'),
(36129, 'Gersfeld', 'Hessen'),
(36142, 'Tann', 'Hessen'),
(36179, 'Bebra', 'Hessen'),
(36199, 'Rotenburg', 'Hessen'),
(36205, 'Sontra', 'Hessen'),
(36251, 'Bad Hersfeld', 'Hessen'),
(36266, 'Heringen', 'Hessen'),
(36304, 'Alsfeld', 'Hessen'),
(36320, 'Kirtorf', 'Hessen'),
(36323, 'Grebenau', 'Hessen'),
(36329, 'Romrod', 'Hessen'),
(36341, 'Lauterbach', 'Hessen'),
(36358, 'Herbstein', 'Hessen'),
(36381, 'Schlüchtern', 'Hessen'),
(36396, 'Steinau an der Straße', 'Hessen'),
(36404, 'Vacha', 'Freistaat Thüringen'),
(36419, 'Geisa', 'Freistaat Thüringen'),
(36433, 'Bad Salzungen', 'Freistaat Thüringen'),
(36448, 'Bad Liebenstein', 'Freistaat Thüringen'),
(36452, 'Kaltennordheim', 'Freistaat Thüringen'),
(36457, 'Stadtlengsfeld', 'Freistaat Thüringen'),
(37083, 'Göttingen', 'Niedersachsen'),
(37115, 'Duderstadt', 'Niedersachsen'),
(37127, 'Dransfeld', 'Niedersachsen'),
(37154, 'Northeim', 'Niedersachsen'),
(37170, 'Uslar', 'Niedersachsen'),
(37181, 'Hardegsen', 'Niedersachsen'),
(37186, 'Moringen', 'Niedersachsen'),
(37213, 'Witzenhausen', 'Hessen'),
(37235, 'Hessisch Lichtenau', 'Hessen'),
(37242, 'Bad Sooden-Allendorf', 'Hessen'),
(37247, 'Großalmerode', 'Hessen'),
(37269, 'Eschwege', 'Hessen'),
(37281, 'Wanfried', 'Hessen'),
(37284, 'Waldkappel', 'Hessen'),
(37308, 'Heilbad Heiligenstadt', 'Freistaat Thüringen'),
(37327, 'Leinefelde-Worbis', 'Freistaat Thüringen'),
(37351, 'Dingelstädt', 'Freistaat Thüringen'),
(37412, 'Herzberg am Harz', 'Niedersachsen'),
(37431, 'Bad Lauterberg im Harz', 'Niedersachsen'),
(37441, 'Bad Sachsa', 'Niedersachsen'),
(37444, 'Sankt Andreasberg', 'Niedersachsen'),
(37520, 'Osterode am Harz', 'Niedersachsen'),
(37539, 'Bad Grund', 'Niedersachsen'),
(37574, 'Einbeck', 'Niedersachsen'),
(37581, 'Bad Gandersheim', 'Niedersachsen'),
(37586, 'Dassel', 'Niedersachsen'),
(37603, 'Holzminden', 'Niedersachsen'),
(37619, 'Bodenwerder', 'Niedersachsen'),
(37627, 'Stadtoldendorf', 'Niedersachsen'),
(37632, 'Eschershausen', 'Niedersachsen'),
(37671, 'Höxter', 'Nordrhein-Westfalen'),
(37688, 'Beverungen', 'Nordrhein-Westfalen'),
(37696, 'Marienmünster', 'Nordrhein-Westfalen'),
(38100, 'Braunschweig', 'Niedersachsen'),
(38154, 'Königslutter am Elm', 'Niedersachsen'),
(38170, 'Schöppenstedt', 'Niedersachsen'),
(38226, 'Salzgitter', 'Niedersachsen'),
(38300, 'Wolfenbüttel', 'Niedersachsen'),
(38315, 'Hornburg', 'Niedersachsen'),
(38350, 'Helmstedt', 'Niedersachsen'),
(38364, 'Schöningen', 'Niedersachsen'),
(38440, 'Wolfsburg', 'Niedersachsen'),
(38486, 'Klötze', 'Sachsen-Anhalt'),
(38518, 'Gifhorn', 'Niedersachsen'),
(38640, 'Goslar', 'Niedersachsen'),
(38667, 'Bad Harzburg', 'Niedersachsen'),
(38678, 'Clausthal-Zellerfeld', 'Niedersachsen'),
(38685, 'Langelsheim', 'Niedersachsen'),
(38690, 'Vienenburg', 'Niedersachsen'),
(38700, 'Braunlage', 'Niedersachsen'),
(38707, 'Altenau', 'Niedersachsen'),
(38709, 'Wildemann', 'Niedersachsen'),
(38723, 'Seesen', 'Niedersachsen'),
(38820, 'Halberstadt', 'Sachsen-Anhalt'),
(38828, 'Wegeleben', 'Sachsen-Anhalt'),
(38835, 'Osterwieck', 'Sachsen-Anhalt'),
(38855, 'Wernigerode', 'Sachsen-Anhalt'),
(38871, 'Ilsenburg', 'Sachsen-Anhalt'),
(38875, 'Elbingerode', 'Sachsen-Anhalt'),
(38877, 'Benneckenstein', 'Sachsen-Anhalt'),
(38889, 'Blankenburg', 'Sachsen-Anhalt'),
(38895, 'Derenburg', 'Sachsen-Anhalt'),
(38899, 'Hasselfelde', 'Sachsen-Anhalt'),
(39104, 'Magdeburg', 'Sachsen-Anhalt'),
(39164, 'Wanzleben', 'Sachsen-Anhalt'),
(39218, 'Schönebeck', 'Sachsen-Anhalt'),
(39240, 'Calbe', 'Sachsen-Anhalt'),
(39245, 'Gommern', 'Sachsen-Anhalt'),
(39249, 'Barby', 'Sachsen-Anhalt'),
(39261, 'Zerbst/Anhalt', 'Sachsen-Anhalt'),
(39264, 'Lindau', 'Sachsen-Anhalt'),
(39288, 'Burg', 'Sachsen-Anhalt'),
(39291, 'Möckern', 'Sachsen-Anhalt'),
(39307, 'Genthin', 'Sachsen-Anhalt'),
(39319, 'Jerichow', 'Sachsen-Anhalt'),
(39326, 'Wolmirstedt', 'Sachsen-Anhalt'),
(39340, 'Haldensleben', 'Sachsen-Anhalt'),
(39365, 'Seehausen', 'Sachsen-Anhalt'),
(39387, 'Oschersleben', 'Sachsen-Anhalt'),
(39397, 'Gröningen', 'Sachsen-Anhalt'),
(39398, 'Hadmersleben', 'Sachsen-Anhalt'),
(39418, 'Staßfurt', 'Sachsen-Anhalt'),
(39435, 'Egeln', 'Sachsen-Anhalt'),
(39439, 'Güsten', 'Sachsen-Anhalt'),
(39444, 'Hecklingen', 'Sachsen-Anhalt'),
(39517, 'Tangerhütte', 'Sachsen-Anhalt'),
(39524, 'Sandau', 'Sachsen-Anhalt'),
(39539, 'Havelberg', 'Sachsen-Anhalt'),
(39576, 'Stendal', 'Sachsen-Anhalt'),
(39590, 'Tangermünde', 'Sachsen-Anhalt'),
(39596, 'Arneburg', 'Sachsen-Anhalt'),
(39606, 'Osterburg', 'Sachsen-Anhalt'),
(39615, 'Seehausen', 'Sachsen-Anhalt'),
(39619, 'Arendsee', 'Sachsen-Anhalt'),
(39624, 'Kalbe', 'Sachsen-Anhalt'),
(39629, 'Bismark', 'Sachsen-Anhalt'),
(39638, 'Gardelegen', 'Sachsen-Anhalt'),
(39646, 'Oebisfelde', 'Sachsen-Anhalt'),
(40213, 'Düsseldorf', 'Nordrhein-Westfalen'),
(40667, 'Meerbusch', 'Nordrhein-Westfalen'),
(40699, 'Erkrath', 'Nordrhein-Westfalen'),
(40721, 'Hilden', 'Nordrhein-Westfalen'),
(40764, 'Langenfeld', 'Nordrhein-Westfalen'),
(40789, 'Monheim am Rhein', 'Nordrhein-Westfalen'),
(40822, 'Mettmann', 'Nordrhein-Westfalen'),
(40878, 'Ratingen', 'Nordrhein-Westfalen'),
(41061, 'Mönchengladbach', 'Nordrhein-Westfalen'),
(41334, 'Nettetal', 'Nordrhein-Westfalen'),
(41352, 'Korschenbroich', 'Nordrhein-Westfalen'),
(41460, 'Neuss', 'Nordrhein-Westfalen'),
(41515, 'Grevenbroich', 'Nordrhein-Westfalen'),
(41539, 'Dormagen', 'Nordrhein-Westfalen'),
(41564, 'Kaarst', 'Nordrhein-Westfalen'),
(41747, 'Viersen', 'Nordrhein-Westfalen'),
(41812, 'Erkelenz', 'Nordrhein-Westfalen'),
(41836, 'Hückelhoven', 'Nordrhein-Westfalen'),
(41844, 'Wegberg', 'Nordrhein-Westfalen'),
(41849, 'Wassenberg', 'Nordrhein-Westfalen'),
(42275, 'Wuppertal', 'Nordrhein-Westfalen'),
(42477, 'Radevormwald', 'Nordrhein-Westfalen'),
(42489, 'Wülfrath', 'Nordrhein-Westfalen'),
(42499, 'Hückeswagen', 'Nordrhein-Westfalen'),
(42551, 'Velbert', 'Nordrhein-Westfalen'),
(42579, 'Heiligenhaus', 'Nordrhein-Westfalen'),
(42651, 'Solingen', 'Nordrhein-Westfalen'),
(42781, 'Haan', 'Nordrhein-Westfalen'),
(42799, 'Leichlingen', 'Nordrhein-Westfalen'),
(42853, 'Remscheid', 'Nordrhein-Westfalen'),
(42929, 'Wermelskirchen', 'Nordrhein-Westfalen'),
(44135, 'Dortmund', 'Nordrhein-Westfalen'),
(44532, 'Lünen', 'Nordrhein-Westfalen'),
(44575, 'Castrop-Rauxel', 'Nordrhein-Westfalen'),
(44623, 'Herne', 'Nordrhein-Westfalen'),
(44787, 'Bochum', 'Nordrhein-Westfalen'),
(45127, 'Essen', 'Nordrhein-Westfalen'),
(45468, 'Mülheim an der Ruhr', 'Nordrhein-Westfalen'),
(45525, 'Hattingen', 'Nordrhein-Westfalen'),
(45549, 'Sprockhövel', 'Nordrhein-Westfalen'),
(45657, 'Recklinghausen', 'Nordrhein-Westfalen'),
(45699, 'Herten', 'Nordrhein-Westfalen'),
(45711, 'Datteln', 'Nordrhein-Westfalen'),
(45721, 'Haltern am See', 'Nordrhein-Westfalen'),
(45731, 'Waltrop', 'Nordrhein-Westfalen'),
(45739, 'Oer-Erkenschwick', 'Nordrhein-Westfalen'),
(45768, 'Marl', 'Nordrhein-Westfalen'),
(45879, 'Gelsenkirchen', 'Nordrhein-Westfalen'),
(45964, 'Gladbeck', 'Nordrhein-Westfalen'),
(46045, 'Oberhausen', 'Nordrhein-Westfalen'),
(46236, 'Bottrop', 'Nordrhein-Westfalen'),
(46284, 'Dorsten', 'Nordrhein-Westfalen'),
(46325, 'Borken', 'Nordrhein-Westfalen'),
(46395, 'Bocholt', 'Nordrhein-Westfalen'),
(46414, 'Rhede', 'Nordrhein-Westfalen'),
(46419, 'Isselburg', 'Nordrhein-Westfalen'),
(46446, 'Emmerich am Rhein', 'Nordrhein-Westfalen'),
(46459, 'Rees', 'Nordrhein-Westfalen'),
(46483, 'Wesel', 'Nordrhein-Westfalen'),
(46499, 'Hamminkeln', 'Nordrhein-Westfalen'),
(46509, 'Xanten', 'Nordrhein-Westfalen'),
(46535, 'Dinslaken', 'Nordrhein-Westfalen'),
(46562, 'Voerde', 'Nordrhein-Westfalen'),
(47051, 'Duisburg', 'Nordrhein-Westfalen'),
(47441, 'Moers', 'Nordrhein-Westfalen'),
(47475, 'Kamp-Lintfort', 'Nordrhein-Westfalen'),
(47495, 'Rheinberg', 'Nordrhein-Westfalen'),
(47506, 'Neukirchen-Vluyn', 'Nordrhein-Westfalen'),
(47533, 'Kleve', 'Nordrhein-Westfalen'),
(47546, 'Kalkar', 'Nordrhein-Westfalen'),
(47574, 'Goch', 'Nordrhein-Westfalen'),
(47608, 'Geldern', 'Nordrhein-Westfalen'),
(47623, 'Kevelaer', 'Nordrhein-Westfalen'),
(47638, 'Straelen', 'Nordrhein-Westfalen'),
(47803, 'Krefeld', 'Nordrhein-Westfalen'),
(47877, 'Willich', 'Nordrhein-Westfalen'),
(47906, 'Kempen', 'Nordrhein-Westfalen'),
(47918, 'Tönisvorst', 'Nordrhein-Westfalen'),
(48143, 'Münster', 'Nordrhein-Westfalen'),
(48231, 'Warendorf', 'Nordrhein-Westfalen'),
(48249, 'Dülmen', 'Nordrhein-Westfalen'),
(48268, 'Greven', 'Nordrhein-Westfalen'),
(48282, 'Emsdetten', 'Nordrhein-Westfalen'),
(48291, 'Telgte', 'Nordrhein-Westfalen'),
(48317, 'Drensteinfurt', 'Nordrhein-Westfalen'),
(48324, 'Sendenhorst', 'Nordrhein-Westfalen'),
(48336, 'Sassenberg', 'Nordrhein-Westfalen'),
(48431, 'Rheine', 'Nordrhein-Westfalen'),
(48455, 'Bad Bentheim', 'Niedersachsen'),
(48465, 'Schüttorf', 'Niedersachsen'),
(48477, 'Hörstel', 'Nordrhein-Westfalen'),
(48529, 'Nordhorn', 'Niedersachsen'),
(48565, 'Steinfurt', 'Nordrhein-Westfalen'),
(48599, 'Gronau', 'Nordrhein-Westfalen'),
(48607, 'Ochtrup', 'Nordrhein-Westfalen'),
(48612, 'Horstmar', 'Nordrhein-Westfalen'),
(48653, 'Coesfeld', 'Nordrhein-Westfalen'),
(48683, 'Ahaus', 'Nordrhein-Westfalen'),
(48691, 'Vreden', 'Nordrhein-Westfalen'),
(48703, 'Stadtlohn', 'Nordrhein-Westfalen'),
(48712, 'Gescher', 'Nordrhein-Westfalen'),
(48727, 'Billerbeck', 'Nordrhein-Westfalen'),
(49074, 'Osnabrück', 'Niedersachsen'),
(49124, 'Georgsmarienhütte', 'Niedersachsen'),
(49186, 'Bad Iburg', 'Niedersachsen'),
(49201, 'Dissen am Teutoburger Wald', 'Niedersachsen'),
(49324, 'Melle', 'Niedersachsen'),
(49356, 'Diepholz', 'Niedersachsen'),
(49377, 'Vechta', 'Niedersachsen'),
(49393, 'Lohne', 'Niedersachsen'),
(49401, 'Damme', 'Niedersachsen'),
(49413, 'Dinklage', 'Niedersachsen'),
(49477, 'Ibbenbüren', 'Nordrhein-Westfalen'),
(49525, 'Lengerich', 'Nordrhein-Westfalen'),
(49545, 'Tecklenburg', 'Nordrhein-Westfalen'),
(49565, 'Bramsche', 'Niedersachsen'),
(49584, 'Fürstenau', 'Niedersachsen'),
(49593, 'Bersenbrück', 'Niedersachsen'),
(49610, 'Quakenbrück', 'Niedersachsen'),
(49624, 'Löningen', 'Niedersachsen'),
(49661, 'Cloppenburg', 'Niedersachsen'),
(49716, 'Meppen', 'Niedersachsen'),
(49733, 'Haren', 'Niedersachsen'),
(49740, 'Haselünne', 'Niedersachsen'),
(49808, 'Lingen', 'Niedersachsen'),
(49828, 'Neuenhaus', 'Niedersachsen'),
(49832, 'Freren', 'Niedersachsen'),
(50126, 'Bergheim', 'Nordrhein-Westfalen'),
(50171, 'Kerpen', 'Nordrhein-Westfalen'),
(50181, 'Bedburg', 'Nordrhein-Westfalen'),
(50226, 'Frechen', 'Nordrhein-Westfalen'),
(50259, 'Pulheim', 'Nordrhein-Westfalen'),
(50321, 'Brühl', 'Nordrhein-Westfalen'),
(50354, 'Hürth', 'Nordrhein-Westfalen'),
(50374, 'Erftstadt', 'Nordrhein-Westfalen'),
(50389, 'Wesseling', 'Nordrhein-Westfalen'),
(50667, 'Köln', 'Nordrhein-Westfalen'),
(51373, 'Leverkusen', 'Nordrhein-Westfalen'),
(51399, 'Burscheid', 'Nordrhein-Westfalen'),
(51465, 'Bergisch Gladbach', 'Nordrhein-Westfalen'),
(51491, 'Overath', 'Nordrhein-Westfalen'),
(51503, 'Rösrath', 'Nordrhein-Westfalen'),
(51545, 'Waldbröl', 'Nordrhein-Westfalen'),
(51643, 'Gummersbach', 'Nordrhein-Westfalen'),
(51674, 'Wiehl', 'Nordrhein-Westfalen'),
(51688, 'Wipperfürth', 'Nordrhein-Westfalen'),
(51702, 'Bergneustadt', 'Nordrhein-Westfalen'),
(52062, 'Aachen', 'Nordrhein-Westfalen'),
(52134, 'Herzogenrath', 'Nordrhein-Westfalen'),
(52146, 'Würselen', 'Nordrhein-Westfalen'),
(52156, 'Monschau', 'Nordrhein-Westfalen'),
(52222, 'Stolberg', 'Nordrhein-Westfalen'),
(52249, 'Eschweiler', 'Nordrhein-Westfalen'),
(52349, 'Düren', 'Nordrhein-Westfalen'),
(52385, 'Nideggen', 'Nordrhein-Westfalen'),
(52396, 'Heimbach', 'Nordrhein-Westfalen'),
(52428, 'Jülich', 'Nordrhein-Westfalen'),
(52441, 'Linnich', 'Nordrhein-Westfalen'),
(52477, 'Alsdorf', 'Nordrhein-Westfalen'),
(52499, 'Baesweiler', 'Nordrhein-Westfalen'),
(52511, 'Geilenkirchen', 'Nordrhein-Westfalen'),
(52525, 'Heinsberg', 'Nordrhein-Westfalen'),
(52531, 'Übach-Palenberg', 'Nordrhein-Westfalen'),
(53111, 'Bonn', 'Nordrhein-Westfalen'),
(53332, 'Bornheim', 'Nordrhein-Westfalen'),
(53340, 'Meckenheim', 'Nordrhein-Westfalen'),
(53359, 'Rheinbach', 'Nordrhein-Westfalen'),
(53424, 'Remagen', 'Rheinland-Pfalz'),
(53474, 'Bad Neuenahr-Ahrweiler', 'Rheinland-Pfalz'),
(53489, 'Sinzig', 'Rheinland-Pfalz'),
(53498, 'Bad Breisig', 'Rheinland-Pfalz'),
(53518, 'Adenau', 'Rheinland-Pfalz'),
(53545, 'Linz am Rhein', 'Rheinland-Pfalz'),
(53557, 'Bad Hönningen', 'Rheinland-Pfalz'),
(53572, 'Unkel', 'Rheinland-Pfalz'),
(53604, 'Bad Honnef', 'Nordrhein-Westfalen'),
(53639, 'Königswinter', 'Nordrhein-Westfalen'),
(53721, 'Siegburg', 'Nordrhein-Westfalen'),
(53757, 'Sankt Augustin', 'Nordrhein-Westfalen'),
(53773, 'Hennef', 'Nordrhein-Westfalen'),
(53797, 'Lohmar', 'Nordrhein-Westfalen'),
(53840, 'Troisdorf', 'Nordrhein-Westfalen'),
(53859, 'Niederkassel', 'Nordrhein-Westfalen'),
(53879, 'Euskirchen', 'Nordrhein-Westfalen'),
(53894, 'Mechernich', 'Nordrhein-Westfalen'),
(53902, 'Bad Münstereifel', 'Nordrhein-Westfalen'),
(53909, 'Zülpich', 'Nordrhein-Westfalen'),
(53937, 'Schleiden', 'Nordrhein-Westfalen'),
(54290, 'Trier', 'Rheinland-Pfalz'),
(54329, 'Konz', 'Rheinland-Pfalz'),
(54338, 'Schweich', 'Rheinland-Pfalz'),
(54411, 'Hermeskeil', 'Rheinland-Pfalz'),
(54439, 'Saarburg', 'Rheinland-Pfalz'),
(54470, 'Bernkastel-Kues', 'Rheinland-Pfalz'),
(54516, 'Wittlich', 'Rheinland-Pfalz'),
(54531, 'Manderscheid', 'Rheinland-Pfalz'),
(54550, 'Daun', 'Rheinland-Pfalz'),
(54568, 'Gerolstein', 'Rheinland-Pfalz'),
(54576, 'Hillesheim', 'Rheinland-Pfalz'),
(54595, 'Prüm', 'Rheinland-Pfalz'),
(54634, 'Bitburg', 'Rheinland-Pfalz'),
(54655, 'Kyllburg', 'Rheinland-Pfalz'),
(54673, 'Neuerburg', 'Rheinland-Pfalz'),
(55116, 'Mainz', 'Rheinland-Pfalz'),
(55218, 'Ingelheim am Rhein', 'Rheinland-Pfalz'),
(55232, 'Alzey', 'Rheinland-Pfalz'),
(55268, 'Nieder-Olm', 'Rheinland-Pfalz'),
(55276, 'Oppenheim', 'Rheinland-Pfalz'),
(55286, 'Wörrstadt', 'Rheinland-Pfalz'),
(55411, 'Bingen am Rhein', 'Rheinland-Pfalz'),
(55422, 'Bacharach', 'Rheinland-Pfalz'),
(55430, 'Oberwesel', 'Rheinland-Pfalz'),
(55435, 'Gau-Algesheim', 'Rheinland-Pfalz'),
(55442, 'Stromberg', 'Rheinland-Pfalz'),
(55469, 'Simmern', 'Rheinland-Pfalz'),
(55481, 'Kirchberg', 'Rheinland-Pfalz'),
(55494, 'Rheinböllen', 'Rheinland-Pfalz'),
(55545, 'Bad Kreuznach', 'Rheinland-Pfalz'),
(55566, 'Bad Sobernheim', 'Rheinland-Pfalz'),
(55583, 'Bad Münster am Stein-Ebernburg', 'Rheinland-Pfalz'),
(55590, 'Meisenheim', 'Rheinland-Pfalz'),
(55606, 'Kirn', 'Rheinland-Pfalz'),
(55743, 'Idar-Oberstein', 'Rheinland-Pfalz'),
(55765, 'Birkenfeld', 'Rheinland-Pfalz'),
(55774, 'Baumholder', 'Rheinland-Pfalz'),
(56068, 'Koblenz', 'Rheinland-Pfalz'),
(56112, 'Lahnstein', 'Rheinland-Pfalz'),
(56130, 'Bad Ems', 'Rheinland-Pfalz'),
(56154, 'Boppard', 'Rheinland-Pfalz'),
(56170, 'Bendorf', 'Rheinland-Pfalz'),
(56179, 'Vallendar', 'Rheinland-Pfalz'),
(56203, 'Höhr-Grenzhausen', 'Rheinland-Pfalz'),
(56218, 'Mülheim-Kärlich', 'Rheinland-Pfalz'),
(56235, 'Ransbach-Baumbach', 'Rheinland-Pfalz'),
(56242, 'Selters', 'Rheinland-Pfalz'),
(56269, 'Dierdorf', 'Rheinland-Pfalz'),
(56288, 'Kastellaun', 'Rheinland-Pfalz'),
(56294, 'Münstermaifeld', 'Rheinland-Pfalz'),
(56321, 'Rhens', 'Rheinland-Pfalz'),
(56329, 'Sankt Goar', 'Rheinland-Pfalz'),
(56338, 'Braubach', 'Rheinland-Pfalz'),
(56346, 'Sankt Goarshausen', 'Rheinland-Pfalz'),
(56349, 'Kaub', 'Rheinland-Pfalz'),
(56355, 'Nastätten', 'Rheinland-Pfalz'),
(56368, 'Katzenelnbogen', 'Rheinland-Pfalz'),
(56377, 'Nassau', 'Rheinland-Pfalz'),
(56410, 'Montabaur', 'Rheinland-Pfalz'),
(56422, 'Wirges', 'Rheinland-Pfalz'),
(56457, 'Westerburg', 'Rheinland-Pfalz'),
(56470, 'Bad Marienberg', 'Rheinland-Pfalz'),
(56477, 'Rennerod', 'Rheinland-Pfalz'),
(56564, 'Neuwied', 'Rheinland-Pfalz'),
(56575, 'Weißenthurm', 'Rheinland-Pfalz'),
(56626, 'Andernach', 'Rheinland-Pfalz'),
(56727, 'Mayen', 'Rheinland-Pfalz'),
(56743, 'Mendig', 'Rheinland-Pfalz'),
(56751, 'Polch', 'Rheinland-Pfalz'),
(56759, 'Kaisersesch', 'Rheinland-Pfalz'),
(56766, 'Ulmen', 'Rheinland-Pfalz'),
(56812, 'Cochem', 'Rheinland-Pfalz'),
(56841, 'Traben-Trarbach', 'Rheinland-Pfalz'),
(56856, 'Zell', 'Rheinland-Pfalz'),
(57072, 'Siegen', 'Nordrhein-Westfalen'),
(57223, 'Kreuztal', 'Nordrhein-Westfalen'),
(57250, 'Netphen', 'Nordrhein-Westfalen'),
(57258, 'Freudenberg', 'Nordrhein-Westfalen'),
(57271, 'Hilchenbach', 'Nordrhein-Westfalen'),
(57319, 'Bad Berleburg', 'Nordrhein-Westfalen'),
(57334, 'Bad Laasphe', 'Nordrhein-Westfalen'),
(57368, 'Lennestadt', 'Nordrhein-Westfalen'),
(57392, 'Schmallenberg', 'Nordrhein-Westfalen'),
(57439, 'Attendorn', 'Nordrhein-Westfalen'),
(57462, 'Olpe', 'Nordrhein-Westfalen'),
(57489, 'Drolshagen', 'Nordrhein-Westfalen'),
(57518, 'Betzdorf', 'Rheinland-Pfalz'),
(57537, 'Wissen', 'Rheinland-Pfalz'),
(57548, 'Kirchen', 'Rheinland-Pfalz'),
(57562, 'Herdorf', 'Rheinland-Pfalz'),
(57610, 'Altenkirchen', 'Rheinland-Pfalz'),
(57627, 'Hachenburg', 'Rheinland-Pfalz'),
(58095, 'Hagen', 'Nordrhein-Westfalen'),
(58239, 'Schwerte', 'Nordrhein-Westfalen'),
(58256, 'Ennepetal', 'Nordrhein-Westfalen'),
(58285, 'Gevelsberg', 'Nordrhein-Westfalen'),
(58300, 'Wetter', 'Nordrhein-Westfalen'),
(58313, 'Herdecke', 'Nordrhein-Westfalen'),
(58332, 'Schwelm', 'Nordrhein-Westfalen'),
(58339, 'Breckerfeld', 'Nordrhein-Westfalen'),
(58452, 'Witten', 'Nordrhein-Westfalen'),
(58507, 'Lüdenscheid', 'Nordrhein-Westfalen'),
(58540, 'Meinerzhagen', 'Nordrhein-Westfalen'),
(58553, 'Halver', 'Nordrhein-Westfalen'),
(58566, 'Kierspe', 'Nordrhein-Westfalen'),
(58636, 'Iserlohn', 'Nordrhein-Westfalen'),
(58675, 'Hemer', 'Nordrhein-Westfalen'),
(58706, 'Menden', 'Nordrhein-Westfalen'),
(58730, 'Fröndenberg/Ruhr', 'Nordrhein-Westfalen'),
(58762, 'Altena', 'Nordrhein-Westfalen'),
(58791, 'Werdohl', 'Nordrhein-Westfalen'),
(58802, 'Balve', 'Nordrhein-Westfalen'),
(58809, 'Neuenrade', 'Nordrhein-Westfalen'),
(58840, 'Plettenberg', 'Nordrhein-Westfalen'),
(59065, 'Hamm', 'Nordrhein-Westfalen'),
(59174, 'Kamen', 'Nordrhein-Westfalen'),
(59192, 'Bergkamen', 'Nordrhein-Westfalen'),
(59227, 'Ahlen', 'Nordrhein-Westfalen'),
(59269, 'Beckum', 'Nordrhein-Westfalen'),
(59302, 'Oelde', 'Nordrhein-Westfalen'),
(59320, 'Ennigerloh', 'Nordrhein-Westfalen'),
(59348, 'Lüdinghausen', 'Nordrhein-Westfalen'),
(59368, 'Werne', 'Nordrhein-Westfalen'),
(59379, 'Selm', 'Nordrhein-Westfalen'),
(59399, 'Olfen', 'Nordrhein-Westfalen'),
(59423, 'Unna', 'Nordrhein-Westfalen'),
(59457, 'Werl', 'Nordrhein-Westfalen'),
(59494, 'Soest', 'Nordrhein-Westfalen'),
(59555, 'Lippstadt', 'Nordrhein-Westfalen'),
(59581, 'Warstein', 'Nordrhein-Westfalen'),
(59590, 'Geseke', 'Nordrhein-Westfalen'),
(59597, 'Erwitte', 'Nordrhein-Westfalen'),
(59602, 'Rüthen', 'Nordrhein-Westfalen'),
(59759, 'Arnsberg', 'Nordrhein-Westfalen'),
(59846, 'Sundern', 'Nordrhein-Westfalen'),
(59872, 'Meschede', 'Nordrhein-Westfalen'),
(59929, 'Brilon', 'Nordrhein-Westfalen'),
(59939, 'Olsberg', 'Nordrhein-Westfalen'),
(59955, 'Winterberg', 'Nordrhein-Westfalen'),
(59964, 'Medebach', 'Nordrhein-Westfalen'),
(59969, 'Hallenberg', 'Nordrhein-Westfalen'),
(60311, 'Frankfurt am Main', 'Hessen'),
(60326, 'Frankfurt\r\n', 'Freistaat Sachsen'),
(60486, 'Frankfurt\r\n', 'Freistaat Sachsen'),
(60488, 'Frankfurt\r\n', 'Freistaat Sachsen'),
(60489, 'Roedelheim\r\n', 'Freistaat Sachsen'),
(60529, 'Frankfurt\r\n', 'Freistaat Sachsen'),
(61118, 'Bad Vilbel', 'Hessen'),
(61130, 'Nidderau', 'Hessen'),
(61169, 'Friedberg', 'Hessen'),
(61184, 'Karben', 'Hessen'),
(61191, 'Rosbach', 'Hessen'),
(61194, 'Niddatal', 'Hessen'),
(61197, 'Florstadt', 'Hessen'),
(61203, 'Reichelsheim', 'Hessen'),
(61231, 'Bad Nauheim', 'Hessen'),
(61250, 'Usingen', 'Hessen'),
(61267, 'Neu-Anspach', 'Hessen'),
(61348, 'Bad Homburg', 'Hessen'),
(61381, 'Friedrichsdorf', 'Hessen'),
(61440, 'Oberursel', 'Hessen'),
(61449, 'Steinbach', 'Hessen'),
(61462, 'Königstein im Taunus', 'Hessen'),
(61476, 'Kronberg im Taunus', 'Hessen'),
(63065, 'Offenbach am Main', 'Hessen'),
(63110, 'Rodgau', 'Hessen'),
(63128, 'Dietzenbach', 'Hessen'),
(63150, 'Heusenstamm', 'Hessen'),
(63165, 'Mühlheim am Main', 'Hessen'),
(63179, 'Obertshausen', 'Hessen'),
(63225, 'Langen', 'Hessen'),
(63263, 'Neu-Isenburg', 'Hessen'),
(63303, 'Dreieich', 'Hessen'),
(63322, 'Rödermark', 'Hessen'),
(63450, 'Hanau', 'Hessen'),
(63477, 'Maintal', 'Hessen'),
(63486, 'Bruchköbel', 'Hessen'),
(63500, 'Seligenstadt', 'Hessen'),
(63505, 'Langenselbold', 'Hessen'),
(63571, 'Gelnhausen', 'Hessen'),
(63607, 'Wächtersbach', 'Hessen'),
(63619, 'Bad Orb', 'Hessen'),
(63628, 'Bad Soden-Salmünster', 'Hessen'),
(63654, 'Büdingen', 'Hessen'),
(63667, 'Nidda', 'Hessen'),
(63679, 'Schotten', 'Hessen'),
(63683, 'Ortenberg', 'Hessen'),
(63688, 'Gedern', 'Hessen'),
(63739, 'Aschaffenburg', 'Freistaat Bayern'),
(63755, 'Alzenau', 'Freistaat Bayern'),
(63785, 'Obernburg', 'Freistaat Bayern'),
(63897, 'Miltenberg', 'Freistaat Bayern'),
(63906, 'Erlenbach', 'Freistaat Bayern'),
(63911, 'Klingenberg', 'Freistaat Bayern'),
(63916, 'Amorbach', 'Freistaat Bayern'),
(63939, 'Wörth', 'Freistaat Bayern'),
(64283, 'Darmstadt', 'Hessen'),
(64319, 'Pfungstadt', 'Hessen'),
(64331, 'Weiterstadt', 'Hessen'),
(64347, 'Griesheim', 'Hessen'),
(64354, 'Reinheim', 'Hessen'),
(64372, 'Ober-Ramstadt', 'Hessen'),
(64401, 'Groß-Bieberau', 'Hessen'),
(64521, 'Groß-Gerau', 'Hessen'),
(64546, 'Mörfelden-Walldorf', 'Hessen'),
(64560, 'Riedstadt', 'Hessen'),
(64625, 'Bensheim', 'Hessen'),
(64646, 'Heppenheim', 'Hessen'),
(64653, 'Lorsch', 'Hessen'),
(64673, 'Zwingenberg', 'Hessen'),
(64678, 'Lindenfels', 'Hessen'),
(64711, 'Erbach', 'Hessen'),
(64720, 'Michelstadt', 'Hessen'),
(64732, 'Bad König', 'Hessen'),
(64743, 'Beerfelden', 'Hessen'),
(64747, 'Breuberg', 'Hessen'),
(64807, 'Dieburg', 'Hessen'),
(64823, 'Groß-Umstadt', 'Hessen'),
(64832, 'Babenhausen', 'Hessen'),
(65183, 'Wiesbaden', 'Hessen'),
(65232, 'Taunusstein', 'Hessen'),
(65239, 'Hochheim am Main', 'Hessen'),
(65307, 'Bad Schwalbach', 'Hessen'),
(65343, 'Eltville am Rhein', 'Hessen'),
(65366, 'Geisenheim', 'Hessen'),
(65375, 'Oestrich-Winkel', 'Hessen'),
(65385, 'Rüdesheim am Rhein', 'Hessen'),
(65391, 'Lorch', 'Hessen'),
(65428, 'Rüsselsheim', 'Hessen'),
(65439, 'Flörsheim am Main', 'Hessen'),
(65451, 'Kelsterbach', 'Hessen'),
(65479, 'Raunheim', 'Hessen'),
(65510, 'Idstein', 'Hessen'),
(65520, 'Bad Camberg', 'Hessen'),
(65549, 'Limburg a.d. Lahn', 'Hessen'),
(65582, 'Diez', 'Rheinland-Pfalz'),
(65589, 'Hadamar', 'Hessen'),
(65594, 'Runkel', 'Hessen'),
(65719, 'Hofheim am Taunus', 'Hessen'),
(65760, 'Eschborn', 'Hessen'),
(65779, 'Kelkheim', 'Hessen'),
(65795, 'Hattersheim am Main', 'Hessen'),
(65812, 'Bad Soden am Taunus', 'Hessen'),
(65817, 'Eppstein', 'Hessen'),
(65824, 'Schwalbach am Taunus', 'Hessen'),
(65843, 'Sulzbach\r\n', 'Freistaat Sachsen'),
(65926, 'Frankfurt\r\n', 'Freistaat Sachsen'),
(65929, 'Frankfurt\r\n', 'Freistaat Sachsen'),
(65933, 'Frankfurt\r\n', 'Freistaat Sachsen'),
(65934, 'Frankfurt Am Main\r\n', 'Freistaat Sachsen'),
(65936, 'Frankfurt\r\n', 'Freistaat Sachsen'),
(66111, 'Saarbrücken', 'Saarland'),
(66280, 'Sulzbach/ Saar', 'Saarland'),
(66299, 'Friedrichsthal', 'Saarland'),
(66333, 'Völklingen', 'Saarland'),
(66346, 'Püttlingen', 'Saarland'),
(66386, 'St. Ingbert', 'Saarland'),
(66424, 'Homburg', 'Saarland'),
(66440, 'Blieskastel', 'Saarland'),
(66450, 'Bexbach', 'Saarland'),
(66482, 'Zweibrücken', 'Rheinland-Pfalz'),
(66500, 'Hornbach', 'Rheinland-Pfalz'),
(66538, 'Neunkirchen', 'Saarland'),
(66564, 'Ottweiler', 'Saarland'),
(66606, 'St. Wendel', 'Saarland'),
(66663, 'Merzig', 'Saarland'),
(66687, 'Wadern', 'Saarland'),
(66740, 'Saarlouis', 'Saarland'),
(66763, 'Dillingen/ Saar', 'Saarland'),
(66822, 'Lebach', 'Saarland'),
(66849, 'Landstuhl', 'Rheinland-Pfalz'),
(66869, 'Kusel', 'Rheinland-Pfalz'),
(66877, 'Ramstein-Miesenbach', 'Rheinland-Pfalz'),
(66953, 'Pirmasens', 'Rheinland-Pfalz'),
(66976, 'Rodalben', 'Rheinland-Pfalz'),
(66994, 'Dahn', 'Rheinland-Pfalz'),
(67059, 'Ludwigshafen am Rhein', 'Rheinland-Pfalz'),
(67098, 'Bad Dürkheim', 'Rheinland-Pfalz'),
(67105, 'Schifferstadt', 'Rheinland-Pfalz'),
(67146, 'Deidesheim', 'Rheinland-Pfalz'),
(67157, 'Wachenheim an der Weinstraße', 'Rheinland-Pfalz'),
(67227, 'Frankenthal', 'Rheinland-Pfalz'),
(67251, 'Freinsheim', 'Rheinland-Pfalz'),
(67269, 'Grünstadt', 'Rheinland-Pfalz'),
(67292, 'Kirchheimbolanden', 'Rheinland-Pfalz'),
(67304, 'Eisenberg', 'Rheinland-Pfalz'),
(67346, 'Speyer', 'Rheinland-Pfalz'),
(67433, 'Neustadt an der Weinstraße', 'Rheinland-Pfalz'),
(67466, 'Lambrecht', 'Rheinland-Pfalz'),
(67480, 'Edenkoben', 'Rheinland-Pfalz'),
(67547, 'Worms', 'Rheinland-Pfalz'),
(67574, 'Osthofen', 'Rheinland-Pfalz'),
(67657, 'Kaiserslautern', 'Rheinland-Pfalz'),
(67697, 'Otterberg', 'Rheinland-Pfalz'),
(67742, 'Lauterecken', 'Rheinland-Pfalz'),
(67752, 'Wolfstein', 'Rheinland-Pfalz'),
(67806, 'Rockenhausen', 'Rheinland-Pfalz'),
(67823, 'Obermoschel', 'Rheinland-Pfalz'),
(68159, 'Mannheim', 'Baden-Württemberg'),
(68519, 'Viernheim', 'Hessen'),
(68526, 'Ladenburg', 'Baden-Württemberg'),
(68623, 'Lampertheim', 'Hessen'),
(68642, 'Bürstadt', 'Hessen'),
(68723, 'Schwetzingen', 'Baden-Württemberg'),
(68753, 'Waghäusel', 'Baden-Württemberg'),
(68766, 'Hockenheim', 'Baden-Württemberg'),
(69117, 'Heidelberg', 'Baden-Württemberg'),
(69151, 'Neckargemünd', 'Baden-Württemberg'),
(69168, 'Wiesloch', 'Baden-Württemberg'),
(69181, 'Leimen', 'Baden-Württemberg'),
(69190, 'Walldorf', 'Baden-Württemberg'),
(69198, 'Schriesheim', 'Baden-Württemberg'),
(69214, 'Eppelheim', 'Baden-Württemberg'),
(69231, 'Rauenberg', 'Baden-Württemberg'),
(69239, 'Neckarsteinach', 'Hessen'),
(69250, 'Schönau', 'Baden-Württemberg'),
(69412, 'Eberbach', 'Baden-Württemberg'),
(69434, 'Hirschhorn', 'Hessen'),
(69469, 'Weinheim', 'Baden-Württemberg'),
(69502, 'Hemsbach', 'Baden-Württemberg'),
(70173, 'Stuttgart', 'Baden-Württemberg'),
(70734, 'Fellbach', 'Baden-Württemberg'),
(70771, 'Leinfelden-Echterdingen', 'Baden-Württemberg'),
(70794, 'Filderstadt', 'Baden-Württemberg'),
(70806, 'Kornwestheim', 'Baden-Württemberg'),
(70825, 'Korntal-Münchingen', 'Baden-Württemberg'),
(70839, 'Gerlingen', 'Baden-Württemberg'),
(71032, 'Böblingen', 'Baden-Württemberg'),
(71063, 'Sindelfingen', 'Baden-Württemberg'),
(71083, 'Herrenberg', 'Baden-Württemberg'),
(71088, 'Holzgerlingen', 'Baden-Württemberg'),
(71111, 'Waldenbuch', 'Baden-Württemberg'),
(71229, 'Leonberg', 'Baden-Württemberg'),
(71254, 'Ditzingen', 'Baden-Württemberg'),
(71263, 'Weil der Stadt', 'Baden-Württemberg'),
(71272, 'Renningen', 'Baden-Württemberg'),
(71277, 'Rutesheim', 'Baden-Württemberg'),
(71296, 'Heimsheim', 'Baden-Württemberg'),
(71332, 'Waiblingen', 'Baden-Württemberg'),
(71364, 'Winnenden', 'Baden-Württemberg'),
(71384, 'Weinstadt', 'Baden-Württemberg'),
(71522, 'Backnang', 'Baden-Württemberg'),
(71540, 'Murrhardt', 'Baden-Württemberg'),
(71638, 'Ludwigsburg', 'Baden-Württemberg'),
(71665, 'Vaihingen an der Enz', 'Baden-Württemberg'),
(71672, 'Marbach am Neckar', 'Baden-Württemberg'),
(71679, 'Asperg', 'Baden-Württemberg'),
(71686, 'Remseck am Neckar', 'Baden-Württemberg'),
(71691, 'Freiberg am Neckar', 'Baden-Württemberg'),
(71706, 'Markgröningen', 'Baden-Württemberg'),
(71711, 'Steinheim an der Murr', 'Baden-Württemberg'),
(71717, 'Beilstein', 'Baden-Württemberg'),
(71723, 'Großbottwar', 'Baden-Württemberg'),
(71739, 'Oberriexingen', 'Baden-Württemberg'),
(72070, 'Tübingen', 'Baden-Württemberg'),
(72108, 'Rottenburg am Neckar', 'Baden-Württemberg'),
(72116, 'Mössingen', 'Baden-Württemberg'),
(72160, 'Horb am Neckar', 'Baden-Württemberg'),
(72172, 'Sulz am Neckar', 'Baden-Württemberg'),
(72175, 'Dornhan', 'Baden-Württemberg'),
(72202, 'Nagold', 'Baden-Württemberg'),
(72213, 'Altensteig', 'Baden-Württemberg'),
(72218, 'Wildberg', 'Baden-Württemberg'),
(72221, 'Haiterbach', 'Baden-Württemberg'),
(72250, 'Freudenstadt', 'Baden-Württemberg'),
(72275, 'Alpirsbach', 'Baden-Württemberg'),
(72280, 'Dornstetten', 'Baden-Württemberg'),
(72336, 'Balingen', 'Baden-Württemberg'),
(72348, 'Rosenfeld', 'Baden-Württemberg'),
(72351, 'Geislingen', 'Baden-Württemberg'),
(72355, 'Schömberg', 'Baden-Württemberg'),
(72379, 'Hechingen', 'Baden-Württemberg'),
(72393, 'Burladingen', 'Baden-Württemberg'),
(72401, 'Haigerloch', 'Baden-Württemberg'),
(72458, 'Albstadt', 'Baden-Württemberg'),
(72469, 'Meßstetten', 'Baden-Württemberg'),
(72488, 'Sigmaringen', 'Baden-Württemberg'),
(72501, 'Gammertingen', 'Baden-Württemberg'),
(72513, 'Hettingen', 'Baden-Württemberg'),
(72516, 'Scheer', 'Baden-Württemberg'),
(72519, 'Veringenstadt', 'Baden-Württemberg'),
(72525, 'Münsingen', 'Baden-Württemberg'),
(72534, 'Hayingen', 'Baden-Württemberg'),
(72555, 'Metzingen', 'Baden-Württemberg'),
(72574, 'Bad Urach', 'Baden-Württemberg'),
(72622, 'Nürtingen', 'Baden-Württemberg'),
(72631, 'Aichtal', 'Baden-Württemberg'),
(72639, 'Neuffen', 'Baden-Württemberg'),
(72764, 'Reutlingen', 'Baden-Württemberg'),
(72793, 'Pfullingen', 'Baden-Württemberg'),
(72818, 'Trochtelfingen', 'Baden-Württemberg'),
(73033, 'Göppingen', 'Baden-Württemberg'),
(73054, 'Eislingen/ Fils', 'Baden-Württemberg'),
(73061, 'Ebersbach an der Fils', 'Baden-Württemberg'),
(73066, 'Uhingen', 'Baden-Württemberg'),
(73072, 'Donzdorf', 'Baden-Württemberg'),
(73079, 'Süßen', 'Baden-Württemberg'),
(73111, 'Lauterstein', 'Baden-Württemberg'),
(73207, 'Plochingen', 'Baden-Württemberg'),
(73230, 'Kirchheim unter Teck', 'Baden-Württemberg'),
(73235, 'Weilheim an der Teck', 'Baden-Württemberg'),
(73240, 'Wendlingen am Neckar', 'Baden-Württemberg'),
(73249, 'Wernau', 'Baden-Württemberg'),
(73277, 'Owen', 'Baden-Württemberg'),
(73312, 'Geislingen an der Steige', 'Baden-Württemberg'),
(73349, 'Wiesensteig', 'Baden-Württemberg'),
(73430, 'Aalen', 'Baden-Württemberg'),
(73441, 'Bopfingen', 'Baden-Württemberg'),
(73447, 'Oberkochen', 'Baden-Württemberg'),
(73450, 'Neresheim', 'Baden-Württemberg'),
(73466, 'Lauchheim', 'Baden-Württemberg'),
(73479, 'Ellwangen', 'Baden-Württemberg'),
(73525, 'Schwäbisch Gmünd', 'Baden-Württemberg'),
(73540, 'Heubach', 'Baden-Württemberg'),
(73547, 'Lorch', 'Baden-Württemberg'),
(73614, 'Schorndorf', 'Baden-Württemberg'),
(73642, 'Welzheim', 'Baden-Württemberg'),
(73728, 'Esslingen am Neckar', 'Baden-Württemberg'),
(73760, 'Ostfildern', 'Baden-Württemberg'),
(74072, 'Heilbronn', 'Baden-Württemberg'),
(74172, 'Neckarsulm', 'Baden-Württemberg'),
(74177, 'Bad Friedrichshall', 'Baden-Württemberg'),
(74189, 'Weinsberg', 'Baden-Württemberg'),
(74193, 'Schwaigern', 'Baden-Württemberg'),
(74196, 'Neuenstadt am Kocher', 'Baden-Württemberg'),
(74206, 'Bad Wimpfen', 'Baden-Württemberg'),
(74219, 'Möckmühl', 'Baden-Württemberg'),
(74238, 'Krautheim', 'Baden-Württemberg'),
(74245, 'Löwenstein', 'Baden-Württemberg'),
(74259, 'Widdern', 'Baden-Württemberg'),
(74321, 'Bietigheim-Bissingen', 'Baden-Württemberg'),
(74336, 'Brackenheim', 'Baden-Württemberg'),
(74343, 'Sachsenheim', 'Baden-Württemberg'),
(74348, 'Lauffen am Neckar', 'Baden-Württemberg'),
(74354, 'Besigheim', 'Baden-Württemberg'),
(74357, 'Bönnigheim', 'Baden-Württemberg'),
(74363, 'Güglingen', 'Baden-Württemberg'),
(74405, 'Gaildorf', 'Baden-Württemberg'),
(74523, 'Schwäbisch Hall', 'Baden-Württemberg'),
(74532, 'Ilshofen', 'Baden-Württemberg'),
(74541, 'Vellberg', 'Baden-Württemberg'),
(74564, 'Crailsheim', 'Baden-Württemberg'),
(74575, 'Schrozberg', 'Baden-Württemberg'),
(74582, 'Gerabronn', 'Baden-Württemberg'),
(74592, 'Kirchberg an der Jagst', 'Baden-Württemberg'),
(74595, 'Langenburg', 'Baden-Württemberg'),
(74613, 'Öhringen', 'Baden-Württemberg');
INSERT INTO `city` (`zip`, `city`, `state`) VALUES
(74632, 'Neuenstein', 'Baden-Württemberg'),
(74638, 'Waldenburg', 'Baden-Württemberg'),
(74653, 'Künzelsau', 'Baden-Württemberg'),
(74670, 'Forchtenberg', 'Baden-Württemberg'),
(74676, 'Niedernhall', 'Baden-Württemberg'),
(74706, 'Osterburken', 'Baden-Württemberg'),
(74722, 'Buchen', 'Baden-Württemberg'),
(74731, 'Walldürn', 'Baden-Württemberg'),
(74740, 'Adelsheim', 'Baden-Württemberg'),
(74747, 'Ravenstein', 'Baden-Württemberg'),
(74821, 'Mosbach', 'Baden-Württemberg'),
(74831, 'Gundelsheim', 'Baden-Württemberg'),
(74861, 'Neudenau', 'Baden-Württemberg'),
(74889, 'Sinsheim', 'Baden-Württemberg'),
(74906, 'Bad Rappenau', 'Baden-Württemberg'),
(74915, 'Waibstadt', 'Baden-Württemberg'),
(74924, 'Neckarbischofsheim', 'Baden-Württemberg'),
(75015, 'Bretten', 'Baden-Württemberg'),
(75031, 'Eppingen', 'Baden-Württemberg'),
(75175, 'Pforzheim', 'Baden-Württemberg'),
(75305, 'Neuenbürg', 'Baden-Württemberg'),
(75323, 'Bad Wildbad', 'Baden-Württemberg'),
(75365, 'Calw', 'Baden-Württemberg'),
(75378, 'Bad Liebenzell', 'Baden-Württemberg'),
(75385, 'Bad Teinach-Zavelstein', 'Baden-Württemberg'),
(75387, 'Neubulach', 'Baden-Württemberg'),
(75417, 'Mühlacker', 'Baden-Württemberg'),
(75433, 'Maulbronn', 'Baden-Württemberg'),
(75438, 'Knittlingen', 'Baden-Württemberg'),
(76133, 'Karlsruhe', 'Baden-Württemberg'),
(76275, 'Ettlingen', 'Baden-Württemberg'),
(76287, 'Rheinstetten', 'Baden-Württemberg'),
(76297, 'Stutensee', 'Baden-Württemberg'),
(76332, 'Bad Herrenalb', 'Baden-Württemberg'),
(76437, 'Rastatt', 'Baden-Württemberg'),
(76456, 'Kuppenheim', 'Baden-Württemberg'),
(76530, 'Baden-Baden', 'Baden-Württemberg'),
(76571, 'Gaggenau', 'Baden-Württemberg'),
(76593, 'Gernsbach', 'Baden-Württemberg'),
(76646, 'Bruchsal', 'Baden-Württemberg'),
(76661, 'Philippsburg', 'Baden-Württemberg'),
(76684, 'Östringen', 'Baden-Württemberg'),
(76703, 'Kraichtal', 'Baden-Württemberg'),
(76726, 'Germersheim', 'Rheinland-Pfalz'),
(76744, 'Wörth am Rhein', 'Rheinland-Pfalz'),
(76767, 'Hagenbach', 'Rheinland-Pfalz'),
(76829, 'Landau in der Pfalz', 'Rheinland-Pfalz'),
(76855, 'Annweiler am Trifels', 'Rheinland-Pfalz'),
(76870, 'Kandel', 'Rheinland-Pfalz'),
(76887, 'Bad Bergzabern', 'Rheinland-Pfalz'),
(77652, 'Offenburg', 'Baden-Württemberg'),
(77694, 'Kehl', 'Baden-Württemberg'),
(77704, 'Oberkirch', 'Baden-Württemberg'),
(77709, 'Wolfach', 'Baden-Württemberg'),
(77716, 'Haslach im Kinzigtal', 'Baden-Württemberg'),
(77723, 'Gengenbach', 'Baden-Württemberg'),
(77728, 'Oppenau', 'Baden-Württemberg'),
(77736, 'Zell am Harmersbach', 'Baden-Württemberg'),
(77756, 'Hausach', 'Baden-Württemberg'),
(77761, 'Schiltach', 'Baden-Württemberg'),
(77815, 'Bühl', 'Baden-Württemberg'),
(77839, 'Lichtenau', 'Baden-Württemberg'),
(77855, 'Achern', 'Baden-Württemberg'),
(77866, 'Rheinau', 'Baden-Württemberg'),
(77871, 'Renchen', 'Baden-Württemberg'),
(77933, 'Lahr/Schwarzwald', 'Baden-Württemberg'),
(77955, 'Ettenheim', 'Baden-Württemberg'),
(77972, 'Mahlberg', 'Baden-Württemberg'),
(78050, 'Villingen-Schwenningen', 'Baden-Württemberg'),
(78073, 'Bad Dürrheim', 'Baden-Württemberg'),
(78098, 'Triberg im Schwarzwald', 'Baden-Württemberg'),
(78112, 'St. Georgen im Schwarzwald', 'Baden-Württemberg'),
(78120, 'Furtwangen im Schwarzwald', 'Baden-Württemberg'),
(78132, 'Hornberg', 'Baden-Württemberg'),
(78147, 'Vöhrenbach', 'Baden-Württemberg'),
(78166, 'Donaueschingen', 'Baden-Württemberg'),
(78176, 'Blumberg', 'Baden-Württemberg'),
(78183, 'Hüfingen', 'Baden-Württemberg'),
(78187, 'Geisingen', 'Baden-Württemberg'),
(78199, 'Bräunlingen', 'Baden-Württemberg'),
(78224, 'Singen', 'Baden-Württemberg'),
(78234, 'Engen', 'Baden-Württemberg'),
(78250, 'Tengen', 'Baden-Württemberg'),
(78267, 'Aach', 'Baden-Württemberg'),
(78315, 'Radolfzell', 'Baden-Württemberg'),
(78333, 'Stockach', 'Baden-Württemberg'),
(78462, 'Konstanz', 'Baden-Württemberg'),
(78532, 'Tuttlingen', 'Baden-Württemberg'),
(78549, 'Spaichingen', 'Baden-Württemberg'),
(78567, 'Fridingen an der Donau', 'Baden-Württemberg'),
(78570, 'Mühlheim an der Donau', 'Baden-Württemberg'),
(78628, 'Rottweil', 'Baden-Württemberg'),
(78647, 'Trossingen', 'Baden-Württemberg'),
(78713, 'Schramberg', 'Baden-Württemberg'),
(78727, 'Oberndorf am Neckar', 'Baden-Württemberg'),
(79098, 'Freiburg im Breisgau', 'Baden-Württemberg'),
(79183, 'Waldkirch', 'Baden-Württemberg'),
(79189, 'Bad Krozingen', 'Baden-Württemberg'),
(79206, 'Breisach am Rhein', 'Baden-Württemberg'),
(79215, 'Elzach', 'Baden-Württemberg'),
(79219, 'Staufen im Breisgau', 'Baden-Württemberg'),
(79235, 'Vogtsburg im Kaiserstuhl', 'Baden-Württemberg'),
(79295, 'Sulzburg', 'Baden-Württemberg'),
(79312, 'Emmendingen', 'Baden-Württemberg'),
(79336, 'Herbolzheim', 'Baden-Württemberg'),
(79341, 'Kenzingen', 'Baden-Württemberg'),
(79346, 'Endingen am Kaiserstuhl', 'Baden-Württemberg'),
(79379, 'Müllheim', 'Baden-Württemberg'),
(79395, 'Neuenburg am Rhein', 'Baden-Württemberg'),
(79400, 'Kandern', 'Baden-Württemberg'),
(79423, 'Heitersheim', 'Baden-Württemberg'),
(79539, 'Lörrach', 'Baden-Württemberg'),
(79576, 'Weil am Rhein', 'Baden-Württemberg'),
(79618, 'Rheinfelden', 'Baden-Württemberg'),
(79650, 'Schopfheim', 'Baden-Württemberg'),
(79664, 'Wehr', 'Baden-Württemberg'),
(79669, 'Zell im Wiesental', 'Baden-Württemberg'),
(79674, 'Todtnau', 'Baden-Württemberg'),
(79677, 'Schönau im Schwarzwald', 'Baden-Württemberg'),
(79713, 'Bad Säckingen', 'Baden-Württemberg'),
(79725, 'Laufenburg', 'Baden-Württemberg'),
(79761, 'Waldshut-Tiengen', 'Baden-Württemberg'),
(79780, 'Stühlingen', 'Baden-Württemberg'),
(79822, 'Titisee-Neustadt', 'Baden-Württemberg'),
(79837, 'St. Blasien', 'Baden-Württemberg'),
(79843, 'Löffingen', 'Baden-Württemberg'),
(79848, 'Bonndorf im Schwarzwald', 'Baden-Württemberg'),
(80331, 'München', 'Freistaat Bayern'),
(80469, 'München\r\n', 'Freistaat Sachsen'),
(80686, 'München\r\n', 'Freistaat Sachsen'),
(81369, 'München\r\n', 'Freistaat Sachsen'),
(81371, 'Muenchen\r\n', 'Freistaat Sachsen'),
(81377, 'Muenchen\r\n', 'Freistaat Sachsen'),
(81379, 'München\r\n', 'Freistaat Sachsen'),
(81477, 'Muenchen\r\n', 'Freistaat Sachsen'),
(81479, 'Muenchen\r\n', 'Freistaat Sachsen'),
(81539, 'München\r\n', 'Freistaat Sachsen'),
(81543, 'München\r\n', 'Freistaat Sachsen'),
(81545, 'München\r\n', 'Freistaat Sachsen'),
(81547, 'München\r\n', 'Freistaat Sachsen'),
(82110, 'Germering', 'Freistaat Bayern'),
(82256, 'Fürstenfeldbruck', 'Freistaat Bayern'),
(82319, 'Starnberg', 'Freistaat Bayern'),
(82362, 'Weilheim i.OB', 'Freistaat Bayern'),
(82377, 'Penzberg', 'Freistaat Bayern'),
(82515, 'Wolfratshausen', 'Freistaat Bayern'),
(82538, 'Geretsried', 'Freistaat Bayern'),
(83022, 'Rosenheim', 'Freistaat Bayern'),
(83043, 'Bad Aibling', 'Freistaat Bayern'),
(83059, 'Kolbermoor', 'Freistaat Bayern'),
(83278, 'Traunstein', 'Freistaat Bayern'),
(83301, 'Traunreut', 'Freistaat Bayern'),
(83308, 'Trostberg', 'Freistaat Bayern'),
(83395, 'Freilassing', 'Freistaat Bayern'),
(83410, 'Laufen', 'Freistaat Bayern'),
(83435, 'Bad Reichenhall', 'Freistaat Bayern'),
(83512, 'Wasserburg a.Inn', 'Freistaat Bayern'),
(83646, 'Bad Tölz', 'Freistaat Bayern'),
(83684, 'Tegernsee', 'Freistaat Bayern'),
(83714, 'Miesbach', 'Freistaat Bayern'),
(84028, 'Landshut', 'Freistaat Bayern'),
(84048, 'Mainburg', 'Freistaat Bayern'),
(84056, 'Rottenburg a.d.Laaber', 'Freistaat Bayern'),
(84130, 'Dingolfing', 'Freistaat Bayern'),
(84137, 'Vilsbiburg', 'Freistaat Bayern'),
(84307, 'Eggenfelden', 'Freistaat Bayern'),
(84347, 'Pfarrkirchen', 'Freistaat Bayern'),
(84359, 'Simbach a.Inn', 'Freistaat Bayern'),
(84405, 'Dorfen', 'Freistaat Bayern'),
(84453, 'Mühldorf a.Inn', 'Freistaat Bayern'),
(84478, 'Waldkraiburg', 'Freistaat Bayern'),
(84489, 'Burghausen', 'Freistaat Bayern'),
(84494, 'Neumarkt-Sankt Veit', 'Freistaat Bayern'),
(84503, 'Altötting', 'Freistaat Bayern'),
(84513, 'Töging a.Inn', 'Freistaat Bayern'),
(84524, 'Neuötting', 'Freistaat Bayern'),
(84529, 'Tittmoning', 'Freistaat Bayern'),
(85049, 'Ingolstadt', 'Freistaat Bayern'),
(85072, 'Eichstätt', 'Freistaat Bayern'),
(85088, 'Vohburg a.d.Donau', 'Freistaat Bayern'),
(85221, 'Dachau', 'Freistaat Bayern'),
(85276, 'Pfaffenhofen', 'Freistaat Bayern'),
(85290, 'Geisenfeld', 'Freistaat Bayern'),
(85354, 'Freising', 'Freistaat Bayern'),
(85368, 'Moosburg a.d.Isar', 'Freistaat Bayern'),
(85435, 'Erding', 'Freistaat Bayern'),
(85560, 'Ebersberg', 'Freistaat Bayern'),
(85567, 'Grafing', 'Freistaat Bayern'),
(85716, 'Unterschleißheim', 'Freistaat Bayern'),
(85748, 'Garching', 'Freistaat Bayern'),
(86150, 'Augsburg', 'Freistaat Bayern'),
(86316, 'Friedberg', 'Freistaat Bayern'),
(86343, 'Königsbrunn', 'Freistaat Bayern'),
(86356, 'Neusäß', 'Freistaat Bayern'),
(86368, 'Gersthofen', 'Freistaat Bayern'),
(86381, 'Krumbach', 'Freistaat Bayern'),
(86391, 'Stadtbergen', 'Freistaat Bayern'),
(86399, 'Bobingen', 'Freistaat Bayern'),
(86470, 'Thannhausen', 'Freistaat Bayern'),
(86529, 'Schrobenhausen', 'Freistaat Bayern'),
(86551, 'Aichach', 'Freistaat Bayern'),
(86609, 'Donauwörth', 'Freistaat Bayern'),
(86633, 'Neuburg a.d.Donau', 'Freistaat Bayern'),
(86637, 'Wertingen', 'Freistaat Bayern'),
(86641, 'Rain', 'Freistaat Bayern'),
(86650, 'Wemding', 'Freistaat Bayern'),
(86653, 'Monheim', 'Freistaat Bayern'),
(86655, 'Harburg', 'Freistaat Bayern'),
(86720, 'Nördlingen', 'Freistaat Bayern'),
(86732, 'Oettingen', 'Freistaat Bayern'),
(86807, 'Buchloe', 'Freistaat Bayern'),
(86825, 'Bad Wörishofen', 'Freistaat Bayern'),
(86830, 'Schwabmünchen', 'Freistaat Bayern'),
(86899, 'Landsberg am Lech', 'Freistaat Bayern'),
(86956, 'Schongau', 'Freistaat Bayern'),
(87435, 'Kempten', 'Freistaat Bayern'),
(87509, 'Immenstadt', 'Freistaat Bayern'),
(87527, 'Sonthofen', 'Freistaat Bayern'),
(87600, 'Kaufbeuren', 'Freistaat Bayern'),
(87616, 'Marktoberdorf', 'Freistaat Bayern'),
(87629, 'Füssen', 'Freistaat Bayern'),
(87700, 'Memmingen', 'Freistaat Bayern'),
(87719, 'Mindelheim', 'Freistaat Bayern'),
(88045, 'Friedrichshafen', 'Baden-Württemberg'),
(88069, 'Tettnang', 'Baden-Württemberg'),
(88131, 'Lindau', 'Freistaat Bayern'),
(88161, 'Lindenberg', 'Freistaat Bayern'),
(88212, 'Ravensburg', 'Baden-Württemberg'),
(88239, 'Wangen', 'Baden-Württemberg'),
(88250, 'Weingarten', 'Baden-Württemberg'),
(88299, 'Leutkirch', 'Baden-Württemberg'),
(88316, 'Isny', 'Baden-Württemberg'),
(88326, 'Aulendorf', 'Baden-Württemberg'),
(88339, 'Bad Waldsee', 'Baden-Württemberg'),
(88348, 'Bad Saulgau', 'Baden-Württemberg'),
(88400, 'Biberach an der Riß', 'Baden-Württemberg'),
(88410, 'Bad Wurzach', 'Baden-Württemberg'),
(88416, 'Ochsenhausen', 'Baden-Württemberg'),
(88422, 'Bad Buchau', 'Baden-Württemberg'),
(88427, 'Bad Schussenried', 'Baden-Württemberg'),
(88471, 'Laupheim', 'Baden-Württemberg'),
(88499, 'Riedlingen', 'Baden-Württemberg'),
(88512, 'Mengen', 'Baden-Württemberg'),
(88605, 'Meßkirch', 'Baden-Württemberg'),
(88630, 'Pfullendorf', 'Baden-Württemberg'),
(88662, 'Überlingen', 'Baden-Württemberg'),
(88677, 'Markdorf', 'Baden-Württemberg'),
(88709, 'Meersburg', 'Baden-Württemberg'),
(89073, 'Ulm', 'Baden-Württemberg'),
(89129, 'Langenau', 'Baden-Württemberg'),
(89143, 'Blaubeuren', 'Baden-Württemberg'),
(89150, 'Laichingen', 'Baden-Württemberg'),
(89155, 'Erbach', 'Baden-Württemberg'),
(89165, 'Dietenheim', 'Baden-Württemberg'),
(89168, 'Niederstotzingen', 'Baden-Württemberg'),
(89231, 'Neu-Ulm', 'Freistaat Bayern'),
(89250, 'Senden', 'Freistaat Bayern'),
(89257, 'Illertissen', 'Freistaat Bayern'),
(89264, 'Weißenhorn', 'Freistaat Bayern'),
(89269, 'Vöhringen', 'Freistaat Bayern'),
(89312, 'Günzburg', 'Freistaat Bayern'),
(89331, 'Burgau', 'Freistaat Bayern'),
(89335, 'Ichenhausen', 'Freistaat Bayern'),
(89340, 'Leipheim', 'Freistaat Bayern'),
(89407, 'Dillingen a.d.Donau', 'Freistaat Bayern'),
(89415, 'Lauingen', 'Freistaat Bayern'),
(89420, 'Höchstädt a.d.Donau', 'Freistaat Bayern'),
(89423, 'Gundelfingen a.d.Donau', 'Freistaat Bayern'),
(89522, 'Heidenheim an der Brenz', 'Baden-Württemberg'),
(89537, 'Giengen an der Brenz', 'Baden-Württemberg'),
(89542, 'Herbrechtingen', 'Baden-Württemberg'),
(89584, 'Ehingen', 'Baden-Württemberg'),
(89597, 'Munderkingen', 'Baden-Württemberg'),
(89601, 'Schelklingen', 'Baden-Württemberg'),
(90403, 'Nürnberg', 'Freistaat Bayern'),
(90513, 'Zirndorf', 'Freistaat Bayern'),
(90518, 'Altdorf b.Nürnberg', 'Freistaat Bayern'),
(90522, 'Oberasbach', 'Freistaat Bayern'),
(90547, 'Stein', 'Freistaat Bayern'),
(90552, 'Röthenbach a.d.Pegnitz', 'Freistaat Bayern'),
(90579, 'Langenzenn', 'Freistaat Bayern'),
(90762, 'Fürth', 'Freistaat Bayern'),
(91052, 'Erlangen', 'Freistaat Bayern'),
(91074, 'Herzogenaurach', 'Freistaat Bayern'),
(91083, 'Baiersdorf', 'Freistaat Bayern'),
(91126, 'Schwabach', 'Freistaat Bayern'),
(91154, 'Roth', 'Freistaat Bayern'),
(91161, 'Hilpoltstein', 'Freistaat Bayern'),
(91171, 'Greding', 'Freistaat Bayern'),
(91174, 'Spalt', 'Freistaat Bayern'),
(91180, 'Heideck', 'Freistaat Bayern'),
(91183, 'Abenberg', 'Freistaat Bayern'),
(91207, 'Lauf a.d.Pegnitz', 'Freistaat Bayern'),
(91217, 'Hersbruck', 'Freistaat Bayern'),
(91235, 'Velden', 'Freistaat Bayern'),
(91257, 'Pegnitz', 'Freistaat Bayern'),
(91275, 'Auerbach', 'Freistaat Bayern'),
(91278, 'Pottenstein', 'Freistaat Bayern'),
(91282, 'Betzenstein', 'Freistaat Bayern'),
(91301, 'Forchheim', 'Freistaat Bayern'),
(91315, 'Höchstadt a.d.Aisch', 'Freistaat Bayern'),
(91320, 'Ebermannstadt', 'Freistaat Bayern'),
(91322, 'Gräfenberg', 'Freistaat Bayern'),
(91344, 'Waischenfeld', 'Freistaat Bayern'),
(91413, 'Neustadt a.d.Aisch', 'Freistaat Bayern'),
(91438, 'Bad Windsheim', 'Freistaat Bayern'),
(91443, 'Scheinfeld', 'Freistaat Bayern'),
(91522, 'Ansbach', 'Freistaat Bayern'),
(91541, 'Rothenburg ob der Tauber', 'Freistaat Bayern'),
(91550, 'Dinkelsbühl', 'Freistaat Bayern'),
(91555, 'Feuchtwangen', 'Freistaat Bayern'),
(91560, 'Heilsbronn', 'Freistaat Bayern'),
(91567, 'Herrieden', 'Freistaat Bayern'),
(91575, 'Windsbach', 'Freistaat Bayern'),
(91578, 'Leutershausen', 'Freistaat Bayern'),
(91583, 'Schillingsfürst', 'Freistaat Bayern'),
(91593, 'Burgbernheim', 'Freistaat Bayern'),
(91639, 'Wolframs-Eschenbach', 'Freistaat Bayern'),
(91710, 'Gunzenhausen', 'Freistaat Bayern'),
(91717, 'Wassertrüdingen', 'Freistaat Bayern'),
(91732, 'Merkendorf', 'Freistaat Bayern'),
(91737, 'Ornbau', 'Freistaat Bayern'),
(91757, 'Treuchtlingen', 'Freistaat Bayern'),
(91781, 'Weißenburg', 'Freistaat Bayern'),
(91788, 'Pappenheim', 'Freistaat Bayern'),
(91792, 'Ellingen', 'Freistaat Bayern'),
(92224, 'Amberg', 'Freistaat Bayern'),
(92237, 'Sulzbach-Rosenberg', 'Freistaat Bayern'),
(92242, 'Hirschau', 'Freistaat Bayern'),
(92249, 'Vilseck', 'Freistaat Bayern'),
(92253, 'Schnaittenbach', 'Freistaat Bayern'),
(92318, 'Neumarkt', 'Freistaat Bayern'),
(92331, 'Parsberg', 'Freistaat Bayern'),
(92334, 'Berching', 'Freistaat Bayern'),
(92339, 'Beilngries', 'Freistaat Bayern'),
(92342, 'Freystadt', 'Freistaat Bayern'),
(92345, 'Dietfurt a.d.Altmühl', 'Freistaat Bayern'),
(92355, 'Velburg', 'Freistaat Bayern'),
(92421, 'Schwandorf', 'Freistaat Bayern'),
(92431, 'Neunburg vorm Wald', 'Freistaat Bayern'),
(92444, 'Rötz', 'Freistaat Bayern'),
(92507, 'Nabburg', 'Freistaat Bayern'),
(92526, 'Oberviechtach', 'Freistaat Bayern'),
(92536, 'Pfreimd', 'Freistaat Bayern'),
(92539, 'Schönsee', 'Freistaat Bayern'),
(92637, 'Weiden', 'Freistaat Bayern'),
(92648, 'Vohenstrauß', 'Freistaat Bayern'),
(92655, 'Grafenwöhr', 'Freistaat Bayern'),
(92660, 'Neustadt a.d.Waldnaab', 'Freistaat Bayern'),
(92670, 'Windischeschenbach', 'Freistaat Bayern'),
(92676, 'Eschenbach', 'Freistaat Bayern'),
(92681, 'Erbendorf', 'Freistaat Bayern'),
(92690, 'Pressath', 'Freistaat Bayern'),
(92714, 'Pleystein', 'Freistaat Bayern'),
(93047, 'Regensburg', 'Freistaat Bayern'),
(93073, 'Neutraubling', 'Freistaat Bayern'),
(93086, 'Wörth a.d.Donau', 'Freistaat Bayern'),
(93133, 'Burglengenfeld', 'Freistaat Bayern'),
(93142, 'Maxhütte-Haidhof', 'Freistaat Bayern'),
(93149, 'Nittenau', 'Freistaat Bayern'),
(93155, 'Hemau', 'Freistaat Bayern'),
(93158, 'Teublitz', 'Freistaat Bayern'),
(93309, 'Kelheim', 'Freistaat Bayern'),
(93326, 'Abensberg', 'Freistaat Bayern'),
(93333, 'Neustadt a.d.Donau', 'Freistaat Bayern'),
(93339, 'Riedenburg', 'Freistaat Bayern'),
(93413, 'Cham', 'Freistaat Bayern'),
(93426, 'Roding', 'Freistaat Bayern'),
(93437, 'Furth im Wald', 'Freistaat Bayern'),
(93444, 'Bad Kötzting', 'Freistaat Bayern'),
(93449, 'Waldmünchen', 'Freistaat Bayern'),
(94032, 'Passau', 'Freistaat Bayern'),
(94051, 'Hauzenberg', 'Freistaat Bayern'),
(94060, 'Pocking', 'Freistaat Bayern'),
(94065, 'Waldkirchen', 'Freistaat Bayern'),
(94078, 'Freyung', 'Freistaat Bayern'),
(94086, 'Bad Griesbach i.Rottal', 'Freistaat Bayern'),
(94209, 'Regen', 'Freistaat Bayern'),
(94227, 'Zwiesel', 'Freistaat Bayern'),
(94234, 'Viechtach', 'Freistaat Bayern'),
(94315, 'Straubing', 'Freistaat Bayern'),
(94327, 'Bogen', 'Freistaat Bayern'),
(94333, 'Geiselhöring', 'Freistaat Bayern'),
(94405, 'Landau a.d.Isar', 'Freistaat Bayern'),
(94447, 'Plattling', 'Freistaat Bayern'),
(94469, 'Deggendorf', 'Freistaat Bayern'),
(94474, 'Vilshofen an der Donau', 'Freistaat Bayern'),
(94481, 'Grafenau', 'Freistaat Bayern'),
(94486, 'Osterhofen', 'Freistaat Bayern'),
(95028, 'Hof', 'Freistaat Bayern'),
(95100, 'Selb', 'Freistaat Bayern'),
(95111, 'Rehau', 'Freistaat Bayern'),
(95119, 'Naila', 'Freistaat Bayern'),
(95126, 'Schwarzenbach a.d.Saale', 'Freistaat Bayern'),
(95131, 'Schwarzenbach', 'Freistaat Bayern'),
(95152, 'Selbitz', 'Freistaat Bayern'),
(95158, 'Kirchenlamitz', 'Freistaat Bayern'),
(95163, 'Weißenstadt', 'Freistaat Bayern'),
(95168, 'Marktleuthen', 'Freistaat Bayern'),
(95173, 'Schönwald', 'Freistaat Bayern'),
(95192, 'Lichtenberg', 'Freistaat Bayern'),
(95197, 'Schauenstein', 'Freistaat Bayern'),
(95213, 'Münchberg', 'Freistaat Bayern'),
(95233, 'Helmbrechts', 'Freistaat Bayern'),
(95326, 'Kulmbach', 'Freistaat Bayern'),
(95346, 'Stadtsteinach', 'Freistaat Bayern'),
(95362, 'Kupferberg', 'Freistaat Bayern'),
(95444, 'Bayreuth', 'Freistaat Bayern'),
(95460, 'Bad Berneck', 'Freistaat Bayern'),
(95473, 'Creußen', 'Freistaat Bayern'),
(95478, 'Kemnath', 'Freistaat Bayern'),
(95482, 'Gefrees', 'Freistaat Bayern'),
(95497, 'Goldkronach', 'Freistaat Bayern'),
(95514, 'Neustadt am Kulm', 'Freistaat Bayern'),
(95615, 'Marktredwitz', 'Freistaat Bayern'),
(95632, 'Wunsiedel', 'Freistaat Bayern'),
(95643, 'Tirschenreuth', 'Freistaat Bayern'),
(95652, 'Waldsassen', 'Freistaat Bayern'),
(95659, 'Arzberg', 'Freistaat Bayern'),
(95666, 'Mitterteich', 'Freistaat Bayern'),
(95671, 'Bärnau', 'Freistaat Bayern'),
(95679, 'Waldershof', 'Freistaat Bayern'),
(95691, 'Hohenberg', 'Freistaat Bayern'),
(96047, 'Bamberg', 'Freistaat Bayern'),
(96103, 'Hallstadt', 'Freistaat Bayern'),
(96106, 'Ebern', 'Freistaat Bayern'),
(96110, 'Scheßlitz', 'Freistaat Bayern'),
(96132, 'Schlüsselfeld', 'Freistaat Bayern'),
(96142, 'Hollfeld', 'Freistaat Bayern'),
(96145, 'Seßlach', 'Freistaat Bayern'),
(96148, 'Baunach', 'Freistaat Bayern'),
(96215, 'Lichtenfels', 'Freistaat Bayern'),
(96224, 'Burgkunstadt', 'Freistaat Bayern'),
(96231, 'Bad Staffelstein', 'Freistaat Bayern'),
(96260, 'Weismain', 'Freistaat Bayern'),
(96317, 'Kronach', 'Freistaat Bayern'),
(96337, 'Ludwigsstadt', 'Freistaat Bayern'),
(96346, 'Wallenfels', 'Freistaat Bayern'),
(96358, 'Teuschnitz', 'Freistaat Bayern'),
(96450, 'Coburg', 'Freistaat Bayern'),
(96465, 'Neustadt b.Coburg', 'Freistaat Bayern'),
(96472, 'Rödental', 'Freistaat Bayern'),
(96476, 'Bad Rodach', 'Freistaat Bayern'),
(96515, 'Sonneberg', 'Freistaat Thüringen'),
(96523, 'Steinach', 'Freistaat Thüringen'),
(96528, 'Schalkau', 'Freistaat Thüringen'),
(97070, 'Würzburg', 'Freistaat Bayern'),
(97199, 'Ochsenfurt', 'Freistaat Bayern'),
(97215, 'Uffenheim', 'Freistaat Bayern'),
(97239, 'Aub', 'Freistaat Bayern'),
(97246, 'Eibelstadt', 'Freistaat Bayern'),
(97285, 'Röttingen', 'Freistaat Bayern'),
(97318, 'Kitzingen', 'Freistaat Bayern'),
(97332, 'Volkach', 'Freistaat Bayern'),
(97337, 'Dettelbach', 'Freistaat Bayern'),
(97340, 'Marktbreit', 'Freistaat Bayern'),
(97342, 'Marktsteft', 'Freistaat Bayern'),
(97346, 'Iphofen', 'Freistaat Bayern'),
(97350, 'Mainbernheim', 'Freistaat Bayern'),
(97357, 'Prichsenstadt', 'Freistaat Bayern'),
(97421, 'Schweinfurt', 'Freistaat Bayern'),
(97437, 'Haßfurt', 'Freistaat Bayern'),
(97447, 'Gerolzhofen', 'Freistaat Bayern'),
(97450, 'Arnstein', 'Freistaat Bayern'),
(97461, 'Hofheim', 'Freistaat Bayern'),
(97475, 'Zeil', 'Freistaat Bayern'),
(97483, 'Eltmann', 'Freistaat Bayern'),
(97486, 'Königsberg', 'Freistaat Bayern'),
(97616, 'Bad Neustadt a.d.Saale', 'Freistaat Bayern'),
(97631, 'Bad Königshofen i.Grabfeld', 'Freistaat Bayern'),
(97638, 'Mellrichstadt', 'Freistaat Bayern'),
(97645, 'Ostheim v.d.Rhön', 'Freistaat Bayern'),
(97650, 'Fladungen', 'Freistaat Bayern'),
(97653, 'Bischofsheim', 'Freistaat Bayern'),
(97688, 'Bad Kissingen', 'Freistaat Bayern'),
(97702, 'Münnerstadt', 'Freistaat Bayern'),
(97737, 'Gemünden', 'Freistaat Bayern'),
(97753, 'Karlstadt', 'Freistaat Bayern'),
(97762, 'Hammelburg', 'Freistaat Bayern'),
(97769, 'Bad Brückenau', 'Freistaat Bayern'),
(97794, 'Rieneck', 'Freistaat Bayern'),
(97816, 'Lohr', 'Freistaat Bayern'),
(97828, 'Marktheidenfeld', 'Freistaat Bayern'),
(97851, 'Rothenfels', 'Freistaat Bayern'),
(97877, 'Wertheim', 'Baden-Württemberg'),
(97896, 'Freudenberg', 'Baden-Württemberg'),
(97900, 'Külsheim', 'Baden-Württemberg'),
(97909, 'Stadtprozelten', 'Freistaat Bayern'),
(97922, 'Lauda-Königshofen', 'Baden-Württemberg'),
(97941, 'Tauberbischofsheim', 'Baden-Württemberg'),
(97944, 'Boxberg', 'Baden-Württemberg'),
(97947, 'Grünsfeld', 'Baden-Württemberg'),
(97980, 'Bad Mergentheim', 'Baden-Württemberg'),
(97990, 'Weikersheim', 'Baden-Württemberg'),
(97993, 'Creglingen', 'Baden-Württemberg'),
(97996, 'Niederstetten', 'Baden-Württemberg'),
(98527, 'Suhl', 'Freistaat Thüringen'),
(98544, 'Zella-Mehlis', 'Freistaat Thüringen'),
(98553, 'Schleusingen', 'Freistaat Thüringen'),
(98559, 'Oberhof', 'Freistaat Thüringen'),
(98574, 'Schmalkalden', 'Freistaat Thüringen'),
(98587, 'Steinbach-Hallenberg', 'Freistaat Thüringen'),
(98599, 'Brotterode', 'Freistaat Thüringen'),
(98617, 'Meiningen', 'Freistaat Thüringen'),
(98631, 'Römhild', 'Freistaat Thüringen'),
(98634, 'Wasungen', 'Freistaat Thüringen'),
(98646, 'Hildburghausen', 'Freistaat Thüringen'),
(98660, 'Themar', 'Freistaat Thüringen'),
(98663, 'Bad Colberg-Heldburg', 'Freistaat Thüringen'),
(98673, 'Eisfeld', 'Freistaat Thüringen'),
(98693, 'Ilmenau', 'Freistaat Thüringen'),
(98701, 'Großbreitenbach', 'Freistaat Thüringen'),
(98704, 'Langewiesen', 'Freistaat Thüringen'),
(98708, 'Gehren', 'Freistaat Thüringen'),
(98724, 'Neuhaus am Rennweg', 'Freistaat Thüringen'),
(98743, 'Gräfenthal', 'Freistaat Thüringen'),
(98744, 'Oberweißbach', 'Freistaat Thüringen'),
(99084, 'Erfurt', 'Freistaat Thüringen'),
(99189, 'Gebesee', 'Freistaat Thüringen'),
(99310, 'Arnstadt', 'Freistaat Thüringen'),
(99326, 'Stadtilm', 'Freistaat Thüringen'),
(99338, 'Plaue', 'Freistaat Thüringen'),
(99423, 'Weimar', 'Freistaat Thüringen'),
(99438, 'Bad Berka', 'Freistaat Thüringen'),
(99439, 'Buttelstedt', 'Freistaat Thüringen'),
(99441, 'Magdala', 'Freistaat Thüringen'),
(99444, 'Blankenhain', 'Freistaat Thüringen'),
(99448, 'Kranichfeld', 'Freistaat Thüringen'),
(99510, 'Apolda', 'Freistaat Thüringen'),
(99518, 'Bad Sulza', 'Freistaat Thüringen'),
(99610, 'Sömmerda', 'Freistaat Thüringen'),
(99625, 'Kölleda', 'Freistaat Thüringen'),
(99628, 'Buttstädt', 'Freistaat Thüringen'),
(99631, 'Weißensee', 'Freistaat Thüringen'),
(99636, 'Rastenberg', 'Freistaat Thüringen'),
(99638, 'Kindelbrück', 'Freistaat Thüringen'),
(99706, 'Sondershausen', 'Freistaat Thüringen'),
(99713, 'Ebeleben', 'Freistaat Thüringen'),
(99718, 'Greußen', 'Freistaat Thüringen'),
(99734, 'Nordhausen', 'Freistaat Thüringen'),
(99752, 'Bleicherode', 'Freistaat Thüringen'),
(99755, 'Ellrich', 'Freistaat Thüringen'),
(99765, 'Heringen/Helme', 'Freistaat Thüringen'),
(99817, 'Eisenach', 'Freistaat Thüringen'),
(99830, 'Treffurt', 'Freistaat Thüringen'),
(99831, 'Creuzburg', 'Freistaat Thüringen'),
(99837, 'Berka/Werra', 'Freistaat Thüringen'),
(99842, 'Ruhla', 'Freistaat Thüringen'),
(99867, 'Gotha', 'Freistaat Thüringen'),
(99880, 'Waltershausen', 'Freistaat Thüringen'),
(99885, 'Ohrdruf', 'Freistaat Thüringen'),
(99894, 'Friedrichroda', 'Freistaat Thüringen'),
(99897, 'Tambach-Dietharz', 'Freistaat Thüringen'),
(99947, 'Bad Langensalza', 'Freistaat Thüringen'),
(99955, 'Bad Tennstedt', 'Freistaat Thüringen'),
(99974, 'Mühlhausen', 'Freistaat Thüringen'),
(99994, 'Schlotheim', 'Freistaat Thüringen');

-- --------------------------------------------------------

--
-- Tabellenstruktur für Tabelle `date_dim`
--

CREATE TABLE `date_dim` (
  `date_id` int(11) NOT NULL,
  `year` int(11) NOT NULL,
  `month` int(11) NOT NULL,
  `day` int(11) NOT NULL,
  `hour` int(11) NOT NULL,
  `minute` int(11) NOT NULL,
  `second` int(11) NOT NULL
) ENGINE=InnoDB DEFAULT CHARSET=utf8mb4 COLLATE=utf8mb4_general_ci;

--
-- Daten für Tabelle `date_dim`
--

INSERT INTO `date_dim` (`date_id`, `year`, `month`, `day`, `hour`, `minute`, `second`) VALUES
(1, 2022, 11, 24, 9, 44, 12),
(2, 2022, 11, 24, 9, 44, 17),
(3, 2022, 11, 24, 9, 44, 22),
(4, 2022, 11, 24, 9, 44, 28),
(5, 2022, 11, 24, 9, 44, 33),
(6, 2022, 11, 24, 9, 44, 38),
(7, 2022, 11, 24, 9, 44, 44),
(8, 2022, 11, 24, 9, 44, 49),
(9, 2022, 11, 24, 9, 44, 54),
(10, 2022, 11, 24, 9, 45, 0),
(11, 2022, 11, 24, 9, 45, 5),
(12, 2022, 11, 24, 9, 45, 10),
(13, 2022, 11, 24, 9, 45, 15),
(14, 2022, 11, 24, 9, 45, 21),
(15, 2022, 11, 24, 9, 45, 26),
(16, 2022, 11, 26, 23, 42, 54),
(17, 2022, 11, 26, 23, 43, 3),
(18, 2022, 11, 26, 23, 43, 11),
(19, 2022, 11, 26, 23, 43, 19),
(20, 2022, 11, 26, 23, 43, 27),
(21, 2022, 11, 26, 23, 43, 36),
(22, 2022, 11, 30, 12, 19, 59),
(23, 2022, 11, 30, 12, 20, 6),
(24, 2022, 11, 30, 12, 20, 14),
(25, 2022, 11, 30, 12, 20, 21),
(26, 2022, 11, 30, 12, 20, 28),
(27, 2022, 12, 8, 15, 43, 7),
(28, 2022, 12, 15, 21, 6, 42),
(29, 2022, 12, 15, 21, 6, 47),
(30, 2022, 12, 15, 21, 6, 53),
(31, 2022, 12, 15, 21, 6, 58),
(32, 2022, 12, 15, 21, 7, 3),
(33, 2022, 12, 15, 21, 7, 8),
(34, 2022, 12, 15, 21, 7, 14),
(35, 2022, 12, 15, 21, 7, 19),
(36, 2022, 12, 15, 21, 7, 24),
(37, 2022, 12, 15, 21, 7, 30),
(38, 2022, 12, 15, 21, 7, 35),
(39, 2022, 12, 31, 22, 44, 48),
(40, 2022, 12, 31, 22, 44, 56),
(41, 2022, 12, 31, 22, 45, 3),
(42, 2022, 12, 31, 22, 45, 10),
(43, 2022, 12, 31, 22, 45, 18),
(44, 2022, 12, 31, 22, 45, 25),
(45, 2022, 12, 31, 22, 45, 32),
(46, 2022, 12, 31, 22, 45, 39),
(47, 2022, 12, 31, 22, 45, 47),
(48, 2022, 12, 31, 22, 45, 54),
(49, 2022, 12, 31, 22, 46, 1),
(50, 2022, 12, 31, 22, 46, 9),
(51, 2022, 12, 31, 22, 46, 37),
(52, 2022, 12, 31, 22, 46, 45),
(53, 2022, 12, 31, 22, 46, 52),
(54, 2022, 12, 31, 22, 46, 59),
(55, 2022, 12, 31, 22, 47, 6),
(56, 2022, 12, 31, 22, 47, 14),
(57, 2022, 12, 31, 22, 47, 21),
(58, 2022, 12, 31, 22, 47, 28),
(59, 2022, 12, 31, 22, 47, 36),
(60, 2022, 12, 31, 22, 47, 43),
(61, 2022, 12, 31, 22, 47, 50),
(62, 2022, 12, 31, 22, 47, 57),
(63, 2022, 12, 31, 22, 48, 5),
(64, 2022, 12, 31, 22, 48, 12),
(65, 2022, 12, 31, 22, 48, 19),
(66, 2022, 12, 31, 22, 48, 26),
(67, 2022, 12, 31, 22, 48, 34),
(68, 2022, 12, 31, 22, 48, 41),
(69, 2022, 12, 31, 22, 48, 48),
(70, 2022, 12, 31, 22, 48, 55),
(71, 2022, 12, 31, 22, 49, 3),
(72, 2022, 12, 31, 22, 49, 10),
(73, 2022, 12, 31, 22, 49, 17),
(74, 2022, 12, 31, 22, 49, 25),
(75, 2022, 12, 31, 22, 49, 32),
(76, 2022, 12, 31, 22, 49, 39),
(77, 2022, 12, 31, 22, 49, 46),
(78, 2022, 12, 31, 22, 49, 54),
(79, 2022, 12, 31, 22, 50, 1),
(80, 2022, 12, 31, 22, 50, 8),
(81, 2023, 2, 13, 16, 26, 9),
(82, 2023, 2, 13, 16, 26, 14),
(83, 2023, 2, 13, 16, 26, 19),
(84, 2023, 2, 13, 16, 26, 24),
(85, 2023, 2, 13, 16, 26, 30),
(86, 2023, 2, 13, 16, 26, 35),
(87, 2023, 2, 13, 16, 26, 40),
(88, 2023, 2, 13, 16, 26, 46),
(89, 2023, 3, 20, 9, 50, 49),
(90, 2023, 3, 20, 9, 50, 57),
(91, 2023, 3, 20, 9, 51, 5),
(92, 2023, 3, 20, 9, 51, 14),
(93, 2023, 3, 20, 9, 51, 22),
(94, 2023, 3, 20, 9, 51, 30),
(95, 2023, 3, 20, 9, 51, 38),
(96, 2023, 3, 20, 9, 51, 47),
(97, 2023, 3, 20, 9, 51, 55),
(98, 2023, 3, 20, 9, 52, 3),
(99, 2023, 3, 20, 9, 52, 11),
(100, 2023, 3, 20, 9, 52, 20),
(101, 2023, 3, 20, 9, 52, 28),
(102, 2023, 3, 20, 9, 52, 36),
(103, 2023, 3, 20, 9, 52, 44),
(104, 2023, 3, 20, 9, 52, 53),
(105, 2023, 3, 20, 9, 53, 1),
(106, 2023, 3, 20, 9, 53, 9),
(107, 2023, 3, 20, 9, 53, 17),
(108, 2023, 3, 23, 0, 17, 5),
(109, 2023, 3, 23, 0, 17, 12),
(110, 2023, 3, 23, 0, 17, 20),
(111, 2023, 3, 23, 0, 17, 27),
(112, 2023, 3, 23, 1, 4, 44),
(113, 2023, 3, 23, 1, 4, 51),
(114, 2023, 3, 23, 1, 4, 57);

-- --------------------------------------------------------

--
-- Tabellenstruktur für Tabelle `fact_table`
--

CREATE TABLE `fact_table` (
  `id` int(11) NOT NULL,
  `gas_id` int(11) NOT NULL,
  `date_id` int(11) NOT NULL,
  `station_id` int(11) NOT NULL,
  `address_id` int(11) NOT NULL,
  `price` double NOT NULL,
  `source_id` int(11) NOT NULL
) ENGINE=InnoDB DEFAULT CHARSET=utf8mb4 COLLATE=utf8mb4_general_ci;

--
-- Daten für Tabelle `fact_table`
--

INSERT INTO `fact_table` (`id`, `gas_id`, `date_id`, `station_id`, `address_id`, `price`, `source_id`) VALUES
(1, 1, 1, 1, 1, 1.859, 4),
(2, 2, 2, 1, 1, 1.799, 4),
(3, 3, 3, 2, 2, 1.869, 4),
(4, 1, 4, 3, 3, 1.929, 4),
(5, 2, 5, 3, 3, 1.869, 4),
(6, 3, 6, 4, 4, 1.909, 4),
(7, 1, 7, 5, 5, 1.929, 4),
(8, 2, 8, 5, 5, 1.869, 4),
(9, 3, 9, 5, 5, 1.919, 4),
(10, 1, 10, 6, 6, 1.949, 4),
(11, 2, 11, 6, 6, 1.889, 4),
(12, 3, 12, 6, 6, 1.989, 4),
(13, 1, 13, 7, 7, 1.899, 4),
(14, 2, 14, 7, 8, 1.839, 4),
(15, 3, 15, 7, 8, 1.939, 4),
(16, 1, 16, 5, 9, 1.819, 4),
(17, 2, 17, 5, 9, 1.759, 4),
(18, 3, 18, 5, 9, 1.869, 4),
(19, 1, 19, 2, 9, 1.879, 4),
(20, 2, 20, 2, 9, 1.819, 4),
(21, 3, 21, 2, 9, 1.949, 4),
(22, 1, 22, 3, 10, 1.719, 4),
(23, 2, 23, 3, 10, 1.659, 4),
(24, 3, 24, 8, 11, 1.799, 4),
(25, 1, 25, 1, 11, 1.809, 4),
(26, 2, 26, 1, 11, 1.749, 4),
(27, 1, 27, 3, 11, 1.749, 4),
(28, 1, 28, 8, 12, 1.669, 4),
(29, 2, 29, 8, 12, 1.609, 4),
(30, 3, 30, 8, 12, 1.759, 4),
(31, 1, 31, 8, 12, 1.669, 4),
(32, 2, 32, 8, 12, 1.609, 4),
(33, 3, 33, 8, 12, 1.759, 4),
(34, 1, 34, 1, 12, 1.669, 4),
(35, 2, 35, 1, 12, 1.609, 4),
(36, 3, 36, 1, 12, 1.759, 4),
(37, 1, 37, 9, 13, 1.669, 4),
(38, 2, 38, 9, 13, 1.609, 4),
(39, 1, 39, 2, 14, 1.819, 4),
(40, 2, 40, 2, 14, 1.759, 4),
(41, 3, 41, 2, 14, 1.829, 4),
(42, 1, 42, 1, 14, 1.789, 4),
(43, 2, 43, 1, 14, 1.729, 4),
(44, 3, 44, 1, 14, 1.779, 4),
(45, 1, 45, 1, 14, 1.789, 4),
(46, 2, 46, 1, 14, 1.729, 4),
(47, 3, 47, 1, 14, 1.779, 4),
(48, 1, 48, 9, 14, 1.719, 4),
(49, 2, 49, 9, 14, 1.659, 4),
(50, 3, 50, 4, 14, 1.769, 4),
(51, 1, 51, 7, 14, 1.759, 4),
(52, 2, 52, 7, 14, 1.699, 4),
(53, 3, 53, 7, 14, 1.789, 4),
(54, 1, 54, 7, 14, 1.759, 4),
(55, 2, 55, 7, 14, 1.699, 4),
(56, 3, 56, 7, 14, 1.789, 4),
(57, 1, 57, 2, 15, 1.769, 4),
(58, 2, 58, 2, 15, 1.709, 4),
(59, 3, 59, 2, 15, 1.789, 4),
(60, 1, 60, 7, 15, 1.759, 4),
(61, 2, 61, 7, 15, 1.699, 4),
(62, 3, 62, 7, 15, 1.789, 4),
(63, 1, 63, 10, 16, 1.749, 4),
(64, 2, 64, 10, 16, 1.689, 4),
(65, 3, 65, 10, 16, 1.849, 4),
(66, 1, 66, 11, 17, 1.789, 4),
(67, 2, 67, 11, 17, 1.729, 4),
(68, 3, 68, 12, 18, 1.788, 4),
(69, 1, 69, 6, 19, 1.759, 4),
(70, 2, 70, 6, 19, 1.699, 4),
(71, 3, 71, 6, 19, 1.779, 4),
(72, 1, 72, 2, 20, 1.769, 4),
(73, 2, 73, 2, 20, 1.709, 4),
(74, 3, 74, 11, 21, 1.809, 4),
(75, 1, 75, 3, 22, 1.819, 4),
(76, 2, 76, 3, 22, 1.759, 4),
(77, 3, 77, 3, 22, 1.869, 4),
(78, 1, 78, 13, 23, 1.789, 4),
(79, 2, 79, 2, 24, 1.729, 4),
(80, 3, 80, 13, 24, 1.809, 4),
(81, 1, 81, 8, 24, 1.859, 4),
(82, 2, 82, 8, 24, 1.799, 4),
(83, 3, 83, 8, 24, 1.799, 4),
(84, 1, 84, 1, 24, 1.849, 4),
(85, 2, 85, 1, 24, 1.789, 4),
(86, 3, 86, 14, 25, 1.778, 4),
(87, 1, 87, 1, 25, 1.849, 4),
(88, 2, 88, 1, 25, 1.789, 4),
(89, 1, 89, 8, 25, 1.889, 4),
(90, 2, 90, 8, 25, 1.829, 4),
(91, 3, 91, 8, 25, 1.729, 4),
(92, 1, 92, 2, 26, 1.879, 4),
(93, 2, 93, 2, 26, 1.819, 4),
(94, 3, 94, 14, 26, 1.728, 4),
(95, 1, 95, 14, 26, 1.888, 4),
(96, 2, 96, 8, 26, 1.829, 4),
(97, 3, 97, 14, 26, 1.728, 4),
(98, 1, 98, 1, 26, 1.889, 4),
(99, 2, 99, 1, 26, 1.829, 4),
(100, 3, 100, 1, 26, 1.729, 4),
(101, 1, 101, 9, 26, 1.799, 4),
(102, 2, 102, 9, 26, 1.739, 4),
(103, 3, 103, 4, 26, 1.689, 4),
(104, 1, 104, 14, 27, 1.818, 4),
(105, 2, 105, 14, 27, 1.778, 4),
(106, 3, 106, 14, 27, 1.658, 4),
(107, 1, 107, 8, 28, 1.809, 4),
(108, 1, 108, 5, 28, 1.809, 4),
(109, 2, 109, 5, 28, 1.749, 4),
(110, 3, 110, 5, 28, 1.659, 4),
(111, 1, 111, 3, 29, 1.849, 4),
(112, 1, 112, 5, 29, 1.809, 4),
(113, 2, 113, 5, 29, 1.749, 4),
(114, 3, 114, 5, 29, 1.659, 4);

-- --------------------------------------------------------

--
-- Tabellenstruktur für Tabelle `gas_dim`
--

CREATE TABLE `gas_dim` (
  `gas_id` int(11) NOT NULL,
  `gas_type` varchar(10) NOT NULL
) ENGINE=InnoDB DEFAULT CHARSET=utf8mb4 COLLATE=utf8mb4_general_ci;

--
-- Daten für Tabelle `gas_dim`
--

INSERT INTO `gas_dim` (`gas_id`, `gas_type`) VALUES
(3, 'diesel'),
(2, 'e10'),
(1, 'e5');

-- --------------------------------------------------------

--
-- Tabellenstruktur für Tabelle `source_dim`
--

CREATE TABLE `source_dim` (
  `source_id` int(11) NOT NULL,
  `url` varchar(300) NOT NULL
) ENGINE=InnoDB DEFAULT CHARSET=utf8mb4 COLLATE=utf8mb4_general_ci;

--
-- Daten für Tabelle `source_dim`
--

INSERT INTO `source_dim` (`source_id`, `url`) VALUES
(1, 'https://www.benzinpreis-blitz.de/'),
(3, 'https://www.tanke-guenstig.de/Benzinpreise/'),
(4, 'https://www.tankstellenpreise.de/'),
(2, 'https://www.verbrauchsrechner.de/spritpreise/');

-- --------------------------------------------------------

--
-- Tabellenstruktur für Tabelle `station_dim`
--

CREATE TABLE `station_dim` (
  `station_id` int(11) NOT NULL,
  `station_name` varchar(60) NOT NULL
) ENGINE=InnoDB DEFAULT CHARSET=utf8mb4 COLLATE=utf8mb4_general_ci;

--
-- Daten für Tabelle `station_dim`
--

INSERT INTO `station_dim` (`station_id`, `station_name`) VALUES
(5, '             AGIP ENI             '),
(2, '             ARAL             '),
(12, '             Greenline             '),
(14, '             GULF             '),
(9, '             HEM             '),
(6, '             JET             '),
(13, '             MSS-VARO Energy Direct Helmepark             '),
(1, '             OIL!             '),
(4, '             Raiffeisen             '),
(7, '             Raiffeisen Mansfeld             '),
(3, '             Shell             '),
(8, '             STAR             '),
(10, '             Supermarkt             '),
(11, '             TotalEnergies             ');

--
-- Indizes der exportierten Tabellen
--

--
-- Indizes für die Tabelle `address_dim`
--
ALTER TABLE `address_dim`
  ADD PRIMARY KEY (`address_id`),
  ADD KEY `FK_AddressCity` (`zip`),
  ADD KEY `idx_address_dim` (`street`,`zip`);

--
-- Indizes für die Tabelle `city`
--
ALTER TABLE `city`
  ADD PRIMARY KEY (`zip`),
  ADD KEY `idx_city` (`zip`,`city`,`state`);

--
-- Indizes für die Tabelle `date_dim`
--
ALTER TABLE `date_dim`
  ADD PRIMARY KEY (`date_id`),
  ADD KEY `idx_date_dim` (`year`,`month`,`day`,`hour`,`minute`,`second`);

--
-- Indizes für die Tabelle `fact_table`
--
ALTER TABLE `fact_table`
  ADD PRIMARY KEY (`id`),
  ADD KEY `FK_FactGas` (`gas_id`),
  ADD KEY `FK_FactDate` (`date_id`),
  ADD KEY `FK_FactAddress` (`address_id`),
  ADD KEY `FK_FactStation` (`station_id`),
  ADD KEY `FK_FactSource` (`source_id`);

--
-- Indizes für die Tabelle `gas_dim`
--
ALTER TABLE `gas_dim`
  ADD PRIMARY KEY (`gas_id`),
  ADD KEY `idx_gas_type` (`gas_type`);

--
-- Indizes für die Tabelle `source_dim`
--
ALTER TABLE `source_dim`
  ADD PRIMARY KEY (`source_id`),
  ADD KEY `idx_source_dim` (`url`);

--
-- Indizes für die Tabelle `station_dim`
--
ALTER TABLE `station_dim`
  ADD PRIMARY KEY (`station_id`),
  ADD KEY `idx_station_dim` (`station_name`);

--
-- AUTO_INCREMENT für exportierte Tabellen
--

--
-- AUTO_INCREMENT für Tabelle `address_dim`
--
ALTER TABLE `address_dim`
  MODIFY `address_id` int(11) NOT NULL AUTO_INCREMENT, AUTO_INCREMENT=30;

--
-- AUTO_INCREMENT für Tabelle `date_dim`
--
ALTER TABLE `date_dim`
  MODIFY `date_id` int(11) NOT NULL AUTO_INCREMENT, AUTO_INCREMENT=115;

--
-- AUTO_INCREMENT für Tabelle `fact_table`
--
ALTER TABLE `fact_table`
  MODIFY `id` int(11) NOT NULL AUTO_INCREMENT, AUTO_INCREMENT=115;

--
-- AUTO_INCREMENT für Tabelle `gas_dim`
--
ALTER TABLE `gas_dim`
  MODIFY `gas_id` int(11) NOT NULL AUTO_INCREMENT, AUTO_INCREMENT=5;

--
-- AUTO_INCREMENT für Tabelle `source_dim`
--
ALTER TABLE `source_dim`
  MODIFY `source_id` int(11) NOT NULL AUTO_INCREMENT, AUTO_INCREMENT=5;

--
-- AUTO_INCREMENT für Tabelle `station_dim`
--
ALTER TABLE `station_dim`
  MODIFY `station_id` int(11) NOT NULL AUTO_INCREMENT, AUTO_INCREMENT=15;

--
-- Constraints der exportierten Tabellen
--

--
-- Constraints der Tabelle `address_dim`
--
ALTER TABLE `address_dim`
  ADD CONSTRAINT `FK_AddressCity` FOREIGN KEY (`zip`) REFERENCES `city` (`zip`);

--
-- Constraints der Tabelle `fact_table`
--
ALTER TABLE `fact_table`
  ADD CONSTRAINT `FK_FactAddress` FOREIGN KEY (`address_id`) REFERENCES `address_dim` (`address_id`),
  ADD CONSTRAINT `FK_FactDate` FOREIGN KEY (`date_id`) REFERENCES `date_dim` (`date_id`),
  ADD CONSTRAINT `FK_FactGas` FOREIGN KEY (`gas_id`) REFERENCES `gas_dim` (`gas_id`),
  ADD CONSTRAINT `FK_FactSource` FOREIGN KEY (`source_id`) REFERENCES `source_dim` (`source_id`),
  ADD CONSTRAINT `FK_FactStation` FOREIGN KEY (`station_id`) REFERENCES `station_dim` (`station_id`);
COMMIT;

/*!40101 SET CHARACTER_SET_CLIENT=@OLD_CHARACTER_SET_CLIENT */;
/*!40101 SET CHARACTER_SET_RESULTS=@OLD_CHARACTER_SET_RESULTS */;
/*!40101 SET COLLATION_CONNECTION=@OLD_COLLATION_CONNECTION */;
